# 3D point list with one line of data per point:
#   POINT3D_ID, X, Y, Z, R, G, B, ERROR, TRACK[] as (IMAGE_ID, POINT2D_IDX)
# Number of points: 979, mean track length: 2.9213483146067416
1 -4.4044685233589203 -9.0875835329526886 38.030801503624907 27 33 49 2.6175352629554598 1 832 8 981 3 5063
2 -5.1398974945360631 -8.7898035420509952 39.90299479057277 54 51 60 2.0886907658976521 1 883 8 1023 3 1359
3 -11.794869466657497 -7.0456130816205356 51.819441106103582 229 216 200 1.3711971147793267 1 1163 10 1855 9 1829 4 11997 3 1762 3 5342
4 -3.4120732198908055 -3.5438747556679742 32.003524086983802 207 188 165 0.9875206338851672 1 1200 10 4255 9 1888 3 1799
6 -3.3103015604749486 -1.464892050865348 29.843472780984612 245 237 219 0.93849822853510323 1 1376 9 4145 4 12123
7 -10.108677864237739 -8.9984297772278836 49.787458133632761 243 236 228 1.6115015656686462 1 3907 10 4113 9 3858 4 13576 3 5261
9 -8.8689925939651797 -5.1911662001231331 44.827439732584722 193 177 162 1.4603365912034352 1 1215 8 4029 10 5726 9 3985 4 13684 3 5384
10 -3.2495994754495858 -3.4097375664886358 31.599459426733091 63 63 60 1.0302880729331871 1 4011 10 6668 9 5381 4 14429 3 7433
14 -6.8472727889057712 -1.8806857496299187 38.322419288661656 90 51 36 1.450867160854046 1 4112 9 4153 4 13729
16 -8.2060078413677466 -11.608946586653218 48.711758106917493 15 25 50 1.1220077654338327 10 5531 9 5189 4 13443
18 -6.0954038078058996 -9.140478311234963 42.607338742565169 81 72 80 1.7956548264077634 8 5532 10 5557 4 14302
19 -5.7736812525948444 -7.6345619445066566 40.326874032889698 36 41 60 1.3995326564907014 8 5570 9 5267 4 14770 3 8558 1 5627
20 -5.7736812525948444 -7.6345619445066566 40.326874032889698 36 41 60 1.3995326564907014 8 5571 9 5268 4 14771 3 8559 1 5628
21 -9.7376284788347576 -9.0118616430751288 49.046635174429795 29 41 67 2.0929617963334897 1 5640 10 6611 9 5284 4 14365 3 8565
22 -3.9077638615990469 -6.463664685810067 35.049903968366522 225 226 220 1.9500888061228234 1 6580 8 5585 10 7258 9 6222 4 14764 3 9338
23 -3.9075441950231964 -6.4627090726515091 35.055845442969066 225 226 220 2.2024831624416632 1 6581 8 5586 10 7259 9 6223 3 9339
24 -8.9621034301242961 -7.6979082050346443 46.451740250957272 42 41 52 1.7266287903520889 1 3926 10 6632 9 5315 4 14808 3 7376
25 -10.20847255567541 -8.1351380603802621 49.469406124978939 251 246 240 1.3355622476672484 1 3928 10 5643 9 5318 4 14400 3 7382
26 -10.346459185224095 -7.7984352222571731 49.299622380135418 22 25 24 1.3029293702956803 1 1080 10 5652 9 5332 4 14815 3 7392
27 -8.230710565656203 -7.265362416109503 46.102556244270978 41 47 65 2.0620394159699984 1 1066 8 5629 10 5646 9 5328 4 14401
28 -12.82814320789049 -7.1906947205582723 54.085592654129385 238 227 212 1.5102904509506354 1 5705 9 5365 3 8608
30 -4.0990598645302354 -5.1333474803184069 34.396238954116654 172 169 155 1.2565492392711597 1 6605 10 7284 9 6938 4 15071 3 9369 8 6817
31 -4.1080036436327436 -4.8232513140443167 34.32013326588558 26 25 31 0.83749772083108687 1 6608 8 6831 10 7289 9 6946 3 9378
32 -6.2490984960617055 -4.5471666221327203 39.070930254438501 23 23 21 1.0070085326145568 1 5713 8 6858 10 7319 9 6325 4 14836 3 8613
33 -6.2490984960617055 -4.5471666221327203 39.070930254438501 23 23 21 1.0070085326145568 1 5712 8 6859 10 7320 9 6326 4 14837 3 8612
34 -3.7632352681923602 -3.28061256572001 33.010015027277355 249 241 220 1.3177887687844332 1 5731 10 7326 9 6341 3 8628
35 -4.4093687956171967 -3.2659221831649417 33.858455647253059 39 34 28 1.1585099423633665 1 6634 10 7334 3 9406
36 -11.682824145489226 -4.7046577452041003 49.13341709381811 35 47 23 2.3537566488728254 1 5747 10 6685 9 6353 3 8647
37 -3.7023041883373446 -2.2910852158132653 31.649034836764933 46 41 43 1.3960680242987391 1 7310 10 7763 9 7003 4 15288 3 9982
38 -5.7251722196725172 -1.656901233944325 35.777205826849872 70 56 45 1.5840902509953916 1 6669 10 7366 9 6397 4 14862 8 6936
39 -5.7251722196725172 -1.656901233944325 35.777205826849872 70 56 45 1.5840902509953916 1 6668 10 7365 9 6398 4 14863 8 6937
40 -13.287727031368252 -11.267706828556397 56.343358900918297 75 77 89 1.962338838087422 1 6577 10 7261 4 15059 3 9340
41 -13.283926910193056 -11.264679611131568 56.399731385216882 75 77 89 1.2389067816681034 1 6578 10 7262 3 9341
44 -8.8835597685908994 -10.92986310457281 48.456364810996199 85 92 109 1.5223605433947336 1 7252 10 7689 4 15235
45 -5.5285882657063325 -6.1776682229072737 38.829541765971086 104 104 114 1.4092790307052736 8 8176 10 7715 9 7373 4 15269 3 9943 1 7277
47 -12.554027541156765 -9.7863535175070595 55.351222026886873 48 53 73 1.9766210057365616 1 8013 10 8227 9 7678 4 15508 3 10336
48 -13.939338909382737 -8.8464330211437492 57.356163250426675 28 28 38 1.3336574499925322 1 7745 10 8023 4 15400 3 10340
50 -12.666057949977072 -8.884845942222853 55.228406051998178 233 212 205 1.5823391859204681 1 8017 10 8232 4 15511 3 10585
51 -12.666057949977072 -8.884845942222853 55.228406051998178 233 212 205 1.5823391859204681 1 8018 10 8233 4 15512 3 10586
52 -9.0239717612040717 -5.7678675455773067 45.641225655807574 245 235 220 1.2776666492371158 1 8022 8 8852 10 8238 9 7923 4 15517 3 10590
54 -8.5980846810774025 -8.6451473658877802 46.824024865674602 125 122 133 2.199444730875018 1 8174 10 8353 9 8053 4 15569 3 10738
55 -9.0610008279989653 -6.7639716603410047 45.56756829351761 219 207 196 1.9052629003954198 1 8181 10 8356 9 8055 4 15576 3 10741
58 -12.098348513086792 -14.076388682819729 43.739916284514273 99 98 95 0.47617188379458641 10 1250 9 1279
59 -8.9996352682925327 -13.205129438716478 51.976524175543339 198 189 180 1.3222321198810016 8 932 10 1445 9 1422
60 -8.9352021771114956 -12.005294634137776 51.517976585344144 55 59 71 0.87475016463523769 8 991 10 1516 9 1509
61 -8.3155875348958546 -11.224182486751323 48.363087446955404 55 59 71 1.2405804453846516 10 1517 9 1510 4 11711
62 -10.018256489036984 -11.690677477699024 50.455060865983931 17 20 29 0.28464993848533093 10 1532 4 11725
63 -5.5709054587028248 -8.5014899683513097 40.993070865258289 72 70 71 1.0174085560340405 8 1059 10 1568 9 1566 4 11748
69 -4.310125959007495 -6.3730435119254691 36.183094088964467 28 28 26 0.99593428164567777 1 993 10 1654 3 5240 4 13550
71 -9.0958216444792903 -8.9494256522876494 47.886705361899139 102 87 66 1.7581497118235436 1 989 10 1662 9 1638
72 -5.1287400665196126 -6.1807383578096466 38.100713342878052 252 237 215 0.95675708856604624 8 1192 10 1710 4 11876
74 -3.2393842189993101 -4.1680835405623515 32.049232174406988 233 218 185 0.64271585698865719 1 1132 10 1796 3 5320
89 -4.1842298971850713 -4.0045024841182375 34.082458137217621 233 223 206 1.0204800708698323 1 1182 10 1873 4 8625 3 1781
118 -5.4853530207570715 -12.589634210753262 19.484691055622338 96 82 79 0.97063166704873693 10 3205 9 482
119 -7.985081272821585 -13.052916777571804 26.670618544243311 76 65 61 1.3561520949438428 10 3464 9 839
120 0.63117662603135549 -9.6241914496255685 24.147937984958055 75 71 70 1.5937846384012995 8 687 10 3507 9 934 3 4596
122 0.46452294711960795 -9.3740570537514536 24.485616495849662 81 72 73 1.3232036514325041 8 712 10 3551 9 3397
123 0.51653604734656733 -8.6998702963329393 24.035235529668981 20 20 25 1.320686563569935 8 755 10 3595 9 1011 3 685
124 0.51653604734656733 -8.6998702963329393 24.035235529668981 20 20 25 1.320686563569935 8 756 10 3596 9 1012 3 684
125 0.23984690789677265 -8.4366528395540161 24.879866106362787 88 92 100 1.8080926220773494 8 793 10 3632 9 1103 3 7035
126 -0.37495664883879509 -8.9881252154031959 26.289652272992562 83 69 66 1.780684520329223 8 790 10 3644 3 786
127 -0.74661592198501925 -9.0292444987364693 27.712565682667659 75 67 65 1.8346384025291709 8 812 10 3689 9 3506 3 849
128 -0.50897053225486344 -8.7803399309465107 27.535890946528674 68 63 60 1.4553311047888762 8 821 10 3710 9 3520 3 4802
129 -1.1987042516405195 -7.6800619052868129 28.508046316034928 255 253 219 0.8622905227888078 8 3746 10 3830 9 3612 3 7166
130 -1.1959399978133396 -7.6723057000875272 28.478779872938667 255 253 219 1.0113170013690105 8 3747 10 3831 9 3613
132 -1.2662049616593993 -6.868635921222964 28.29164840522818 34 34 34 1.2521620944221776 8 979 10 3898 9 1399
135 -9.1232138101834757 -12.95450221539399 51.458204567660808 44 44 51 1.4192358806962651 8 941 10 3960 9 1435
136 -10.334344151685487 -13.027835890325806 54.05487463831831 16 16 26 1.0083369236673472 8 976 10 3986 9 1486
137 -5.3969869736564942 -8.7560144949556822 40.459178927684377 72 63 58 1.078782281487924 1 3854 8 1032 10 4008 9 3744 4 13479
138 -5.412742540083995 -8.0797737645248251 39.809019947466098 73 72 71 1.6863955684015886 1 3867 10 4031 9 3770 4 13505 3 7310
139 -4.7773759197785068 -7.3978985323458772 37.653359525343603 30 32 38 1.2301257202841238 8 1092 10 4041 9 1590 4 13510 3 5178 1 953
140 -5.5311483911645611 -7.8713098299065765 40.188778585738085 82 80 81 0.37229650485147198 8 3867 10 4047 4 13517
141 -5.5039416033357336 -7.5457851222602619 39.714879748836161 104 106 103 1.1683250955494295 1 3889 10 4058 9 3808 4 13526 3 7329
142 -3.2683924955741319 -5.9166209832174879 32.938982538852386 50 41 32 1.5092661449748994 8 1149 10 4063 9 3822 4 13527
143 -3.2283658249496994 -5.8619458394024191 32.641893701217995 50 41 32 0.94536552869949964 8 1150 10 4064 9 3823 3 1528
146 -2.1213413310095097 -5.0687405253458007 29.651389968692598 107 94 77 1.0126089048965861 10 4071 4 13535 3 5231
150 -2.5088365244096469 -4.6575571207027302 30.899379952574655 253 237 204 1.3432035672131188 10 4136 9 1725 4 13580
151 -8.5838204562958129 -7.4959130552782405 45.991485947494155 159 135 113 0.83045063942551622 1 1054 10 4154 4 13605 3 5286
152 -11.190282926840192 -8.2444280807142611 51.292752207222456 122 114 115 0.64917565867487981 1 1073 10 4177 4 13620 3 5298
160 -3.2870278581601715 -3.9402038028505935 32.064433961830929 220 198 164 0.74469456420985669 10 4221 9 1833 4 13637 3 5330
161 -2.110243640136559 -3.2618716524185642 28.878741074440192 37 19 15 0.96414624294488882 10 4231 9 1863 4 13646 3 5349
166 -3.6544111644934474 -3.3666254810157334 32.458722420552711 12 5 5 2.0522359428420343 1 1217 10 4276 9 1916 3 5386
168 -1.8905246649089542 -2.6201974888587758 27.470253629808528 122 127 122 1.7917515434421205 10 4282 9 1928 4 12004
172 -2.5129678095248358 -2.6676122741791226 29.328869551151488 231 218 195 1.1554398637019871 10 4299 9 1946 4 12023 3 1873
173 -3.3413524322003889 -2.6412375119983205 30.841753165481247 220 214 203 1.7423823476791398 1 1280 10 4328 3 5419
197 -2.2193966724875449 -0.13731443558396458 26.511439696484143 50 36 29 1.2740328554713938 10 4500 9 4225 4 12178
199 -2.3254969061083286 -0.0073134426462423243 26.20088680537263 127 128 122 1.5757680382313544 10 4509 9 2203 4 12186
209 2.208771557833185 -6.643834323658071 15.19313633473887 232 217 196 1.0582978921561981 8 651 10 5090 9 767
210 1.5084448243009705 -8.2800671291438288 17.914215436269064 199 209 212 0.27127764288916156 8 3497 10 5113
211 2.0312262330078261 -6.4234398613602792 15.264101128440707 191 217 240 1.836939436094345 8 3571 10 5115 9 3302
212 1.6243025345905606 -8.2092942112882969 17.930234830828109 185 192 198 1.2294977158944616 8 3499 10 5117 9 3264
213 1.7237150168876632 -8.0602318773303878 17.920607848821025 53 65 81 1.0167030328275481 8 5355 10 5123 9 4904
216 -8.1113509666562855 -12.795668769232597 26.4729047827032 17 17 22 1.0558300794256661 10 5200 9 3327
217 0.59074690589413503 -9.530167182649496 24.205785234665399 67 61 63 1.7235645068798684 8 3581 10 5224 9 3375 3 6948
218 0.39453720605059045 -9.5732387479988823 24.484808899518399 53 53 63 1.3748377979631419 8 3590 10 5229 9 4981 3 6957
219 -9.1379002629831181 -13.03083892137453 30.009951806128754 16 13 20 1.1294718473856737 10 5260 9 3400
220 0.32401281765504791 -8.6728564666688754 24.325204904973326 86 73 67 1.5327696497549754 8 3626 10 5267 9 3438 3 4699
221 -9.0573132983082925 -13.455609340070195 32.524500162406738 14 14 24 1.1627027213229415 10 5279 9 5011
222 -0.35093500121047405 -9.0917079369869409 25.726819425104587 77 87 105 1.8275446374116431 8 3628 10 5286 9 3450 3 7023
223 0.11749910178083714 -8.7152054111011186 25.142140525256085 82 76 78 1.2583454397506886 8 3640 10 5289 9 3459 3 4733
224 -0.0093863673793330698 -8.7477548154620557 25.670550998771759 97 89 87 1.1014723268753048 8 791 10 5296 9 3473 3 4748
225 -0.44394358728812744 -8.6659415543956442 27.455733098958945 18 21 33 1.1807232283789995 8 3681 10 5336 9 5062 3 7083
226 -1.6066425242635369 -9.1911881280134828 29.244268798422571 72 66 66 1.1319187840267599 8 3684 10 5353 9 3537
227 -1.8395963176688543 -8.7976343028826456 29.186110602981771 121 137 152 1.1370456127657209 8 3707 10 5372 9 5082
228 -1.8395963176688526 -8.7976343028826403 29.186110602981753 121 137 152 1.1370456127657209 8 3708 10 5373 9 5083
229 -0.74208100609114414 -8.1890772003708232 28.214280488837542 29 32 41 1.2043076409837952 8 3725 10 5381 9 5091 3 7116
230 -0.14160275835642372 -6.8416830342389678 25.120605424870607 93 80 73 0.84218289273368507 8 901 10 5393 3 7143
231 -12.029509808782844 -13.746787581568981 41.443251764523687 18 20 24 0.46924551056372765 10 5395 9 5089
232 -1.116884084397213 -7.5936951354541335 28.572381677279655 15 16 21 1.5999970899867191 8 3752 10 5427 9 3621 3 7174
233 -1.9028486022010638 -7.4378675707891437 28.380641430464696 126 135 140 1.7070345566282148 8 3762 10 5441 9 5140 3 7195
234 -1.9000237064436338 -7.4443683797830174 28.376023569333707 126 135 140 0.90691763919332757 8 3761 10 5442 9 5141
235 -0.97315853535271191 -6.9332107359802047 28.041852695532938 56 54 54 1.784158349646469 8 969 10 5450 9 3653 3 4998
236 -9.8640420581651131 -8.360413135011461 29.588635146869915 80 89 104 1.7806350736733476 8 928 9 3669
237 -1.1486944865451167 -6.0553950567380266 27.916389598101009 95 90 85 1.272083218643782 8 1040 10 5503 9 3712
238 -7.8260129366757143 -11.551142518019075 46.71430768308209 59 59 57 0.66788912335279971 1 827 10 5505 4 14267
239 -0.94413846072624796 -4.2232652502308801 25.516430041424858 6 5 1 0.90113713238742799 10 5586 9 3846 4 14339 3 7347
243 -11.452560591773278 -9.5318923539070326 52.763938628734913 7 8 13 2.1831410239189788 1 3911 10 5617 9 5293 3 7362
244 -2.730338226516789 -4.8696376313714245 31.062495172525729 45 36 29 1.3547920852033688 10 5618 9 3883 4 14366 3 7368 8 3941
245 -2.730338226516789 -4.8696376313714245 31.062495172525729 45 36 29 1.3547920852033688 10 5619 9 3884 4 14367 3 7367 8 3942
246 -9.3079505491103625 -8.1178292190424077 47.735482136586477 240 223 202 1.4623924134337414 1 3921 10 5626 9 3881 4 14390 3 7369
247 -3.5823605008074222 -5.0408644639637519 33.127217391141436 248 236 222 0.70054774066402681 1 5664 10 5633 4 13584 3 7380
252 -0.81890259610468907 -2.798133662957667 23.910538836153354 163 140 106 1.3272125447410941 10 5678 9 3935 4 13622
257 -2.3244681485556886 -3.4458259786572185 29.814603861106136 240 225 203 1.4385733124376108 10 5686 9 3947 4 13644 3 5346
262 -2.7605245087110921 -3.3029592530247736 30.293311077365804 14 6 3 0.60968746952700903 10 5702 9 3971 4 13660
263 -2.7605245087110921 -3.3029592530247736 30.293311077365804 14 6 3 0.60968746952700903 10 5703 9 3970 4 13661
271 -5.7454628747031711 -3.226138981229222 37.240602755259651 233 215 189 2.3249438988354876 1 4056 10 5755 9 4059 8 1455 3 5428 3 7474
276 -5.531544436812549 -1.9679243054526305 35.55118000601928 170 148 134 1.5386640340306157 1 4099 10 5804 9 5469 4 14460
277 -5.5488229297781686 -1.9651355403697595 35.650638096798204 170 148 134 0.94372928119686506 1 4100 10 5805 9 5470
294 2.25733272630286 -6.6652688453700204 15.19582054522682 80 65 60 1.5396182563429353 8 648 10 6240 9 3270
295 2.1328995766280876 -6.153212007515104 15.177497697795264 244 229 210 1.6232550335962899 8 707 10 6279 9 3326
296 1.2519477040165532 -8.6268839127271342 20.291773114777133 76 66 64 0.89988659172871766 8 3545 10 6311 9 4936
297 1.2519477040165525 -8.6268839127271342 20.291773114777133 76 66 64 0.89988659172866592 8 3546 10 6312 9 4935
298 -7.9648686719654336 -13.123583473856263 27.204727276098428 101 87 76 1.1643951162489221 10 6345 9 4940
300 0.42287834775383509 -8.7396775224203402 24.065236507981407 189 177 156 0.99649420051208804 8 5410 10 6396 9 5015
301 0.42006605047224049 -8.760275546043907 24.115151827220082 189 177 156 1.2076320468183739 8 5411 10 6397 9 5016 3 6994
302 -9.1701971612915063 -12.714404158819871 29.852514643276646 126 121 116 1.3955598329553081 10 6401 9 4994
303 -9.4653034992010578 -13.103425817592932 31.332633478257396 20 19 24 1.1979472592654914 10 6415 9 5005
304 -9.37373260067179 -12.89664486719867 34.024769022611409 23 24 26 0.1867369463172372 10 6443 9 3479
305 -0.99357622595182904 -8.9072836555603701 28.473564861019771 28 31 41 1.3108422840072345 8 3686 10 6460 9 5067
306 -10.127929464390407 -13.227896494234068 36.962765887779874 27 26 34 0.61288652915556352 10 6465 9 6079
307 -1.8880348585986717 -9.0503496931210048 29.403322843888301 27 18 23 0.74241323037288798 8 6684 10 6472
308 -10.389890854160015 -13.172860650780279 37.723909820037179 14 14 24 0.81564891447068555 10 6475 9 5066
309 -11.502214574967395 -13.403471429564497 41.109070673589443 21 20 26 0.75945249640880541 10 6504 9 5095
310 -11.897712690153069 -13.458073103631719 41.405890149041745 61 51 59 1.6388924496083541 10 6507 9 5100
311 -3.7664446402014291 -8.8781410914753067 34.342497310107319 24 26 38 0.90963777096532095 10 6538 1 3779
312 -4.5205891213322973 -9.4822070527820266 37.639049240785198 18 20 32 1.2716549101495347 8 5487 10 6547 9 5163 4 14252
313 -5.0895266605114706 -8.8839768679954307 39.033348588337425 30 31 36 1.9482728021098132 1 5592 10 6563 3 7269
314 0.78749396149264461 -2.8147415738136177 17.807557975209896 237 223 198 0.98365987630979401 10 6588 9 3843 4 13504
315 -7.0016150946087352 -8.7229656723419868 43.343249280618537 22 25 34 1.7004866541000869 1 5613 10 6592 9 6212 4 14759 3 8545
316 -4.1870501401090898 -6.7567627114698139 36.006350883207226 86 85 91 1.4294523077469747 8 5579 9 5262 4 14762 3 8554 10 6596
319 -8.3675491739823737 -8.1387983207584167 46.328022790636872 201 165 140 1.3733259899946961 1 5644 10 6614 9 6242 4 14786 3 8571
322 -6.127519323989417 -6.4793403312219429 40.290593538811969 211 218 239 1.7698670827780731 8 6799 10 6627 9 6265 4 14796 3 9361
323 -2.7019983046128404 -4.6607545437372702 31.280314524633706 48 36 30 0.80015467134795892 10 6630 9 5324 4 14791
324 -2.6158679712068369 -4.5447419397199642 30.566985914167656 48 36 30 1.4769014146499766 8 5648 10 6631 9 5325
338 -2.0444059405837622 -1.2934586037585625 27.109408810766489 62 50 46 0.68836388126013937 10 6712 9 5471 4 13708
345 -2.2250332222829012 0.040012398234146172 26.072080040519712 23 18 14 0.34278534122405518 10 6765 4 14478
347 -2.5047277866801068 0.13978574994298454 26.174084746089324 34 32 34 1.4185930518374683 10 6774 9 5531 4 13756
348 -1.7235986105216285 0.32150312339940801 24.361475865367073 180 154 124 0.481210589691979 10 6778 4 14485
349 -2.2915928940538546 0.4886560497299472 25.83355396713031 28 20 18 0.57551774747031159 10 6784 4 12206
358 -6.0035572212671866 -12.657612206164957 20.432807735874043 87 70 63 1.5082400517902572 10 7037 9 4804
359 -6.0966237221801949 -12.681919495422648 20.763419861481317 87 73 64 1.8273570560105352 10 7046 9 5917
360 -6.4202078002399183 -12.449702089659581 20.599137665308749 13 13 21 1.6105599875523069 10 7049 9 4813
362 -6.3646913290102143 -12.7447286542125 21.680621585584884 84 69 62 0.67032635697724552 10 7056 9 4827
363 1.6905249927393442 -7.8749114426394575 17.919013375504445 186 197 199 0.45800917185900153 8 6609 10 7076 9 5987
364 1.7539031124215887 -7.6482026528079343 17.973354203121744 17 18 22 0.42227997759527452 8 5372 10 7079
365 1.6359807624986953 -7.6297511122747119 17.942349743877394 166 179 185 0.42468806350865246 8 5375 10 7081 9 6001
368 -9.8974609030013365 -13.251454861412771 36.128215754592716 26 30 33 2.9095935251670224 8 6653 10 7180 9 6790
369 -0.34634088153864473 -4.0777732012765338 22.858986658665014 8 6 7 0.57260269161567545 10 7248 9 5259
370 -4.7353946896070021 -7.3109370885844926 37.605393483425111 24 24 24 1.6440598487007574 1 6572 8 6763 9 6218 4 14757 3 8546 10 7253
371 -10.897609428071716 -6.5175971964706738 31.55017969160523 82 66 50 1.7780898257917588 8 5580 10 7265 9 6232
372 -2.21603160750777 -4.8795621876208601 29.654628204868491 227 213 184 1.1657902705996821 10 7267 9 6244 4 14776 3 8568
373 0.83294413434320369 -2.3478398026381821 17.251796725405924 136 115 94 1.684508448086758 10 7268 9 5321 4 14351 3 7371
375 -2.4951043881024209 -4.4417260650745822 30.626899215060082 240 221 191 1.2015454945009634 10 7281 9 6281 4 14798
376 -11.890047394130358 -8.9303761149891212 53.406123329768675 209 174 149 1.9240514242539353 1 6599 10 7283 9 6933 3 9363
378 -3.3493466319035323 -4.4655363619004449 31.81556199799136 49 45 44 1.4810128270711269 8 6832 10 7287 9 6284
379 -2.5700500474741279 -4.1915998200575268 30.784536892233394 250 241 207 1.3321265598681804 10 7288 4 15075 3 9377
397 -2.2587128401791361 0.25074870255127674 25.973922850135853 22 21 17 0.41833459813640012 10 7398 4 14487
401 2.4207028652410694 -11.058402356225953 17.831092473869845 74 64 65 1.1785855660108726 8 5185 10 7539 9 5884
402 2.2621031791512038 -9.671278264019632 17.609672404603746 14 17 32 1.3486906667823864 8 5242 10 7548 9 6659
403 0.64904832894435283 -10.139350011422545 23.656669765042135 58 52 51 1.5400774568025846 8 7455 10 7592 9 6729 3 9180
404 -0.21353054669195912 -6.4356075705196591 25.138549620533873 239 224 202 1.6908015625948039 8 6724 10 7661 9 6839 3 9884
405 -0.6078250411488505 -6.5322684634803876 26.097387040205849 255 243 221 0.84866753109377802 8 6732 10 7666 9 6138
406 -5.8584369926145188 -9.2542435420516274 41.94664288036148 27 30 39 1.5860919324658047 8 7533 10 7685 9 6872 4 15233
407 -0.35024872538872409 -3.9479976903036169 23.144094071771256 33 26 28 1.4529890319373309 10 7698 9 6903 3 9927 4 15245
408 -3.2365765814147691 -6.296008769239827 33.249724202418243 240 233 215 0.80102128667822625 8 7558 10 7699 9 6892 3 9923
409 -0.28768183154588245 -3.541334776449538 22.715680557840294 242 219 188 1.7291144369659039 10 7701 9 6922 4 15053 3 9935 8 5642
410 -0.9267657215909002 -4.0537976217489611 25.613004168944315 27 21 18 0.84335318178309771 10 7705 9 6245 4 15056 3 9353
411 -0.9267657215909002 -4.0537976217489611 25.613004168944315 27 21 18 0.84335318178309771 10 7706 9 6246 4 15057 3 9354
412 -3.456561660391003 -5.1301640202797314 33.005404464291622 216 206 194 1.5468530122168136 9 6932 4 15065 8 7581
413 -5.5743220307176937 -6.2185419825183326 39.108147767416249 81 79 80 1.0126227698757935 8 8175 10 7716 9 7372 4 15268 3 9944
414 -1.9901916862488307 -4.0021506277144612 29.11372737294089 255 247 221 1.6389783856729465 8 6837 10 7721 9 6942 4 15272 3 9956
415 -0.56335600568382727 -2.7656806913644258 22.891768620279635 208 193 164 0.90522074959721499 10 7731 9 6957 4 15076 3 9383
416 -1.826989528089483 -2.9154136125025989 27.805693605743322 64 56 47 1.5609732859275567 10 7741 9 6970 4 15086
436 -5.1344019492539417 -12.538107006072122 18.222913312285932 84 70 61 1.2880390940306661 10 7911 9 6640
437 -1.1306885325979277 -7.9238295248059476 28.336372998139947 30 31 36 1.7151721837275542 8 8120 10 7981 3 10293
438 0.011350101223303882 -3.8331363552736302 21.527177610199942 48 43 39 1.5759729687754296 10 8001 9 6894
442 -2.720989276361566 -2.9224046244314796 29.26672849106777 255 254 224 0.59167108474380736 10 8031 9 7400 4 15280
448 -6.1261349743861135 -0.35731437574448766 35.526300390162461 241 224 198 1.7797904734219514 1 7778 9 7438 4 15427 10 8068 8 8269
454 -1.0216158746198798 -8.9849936919387901 28.023018223727082 38 43 50 1.7977110890307548 8 8109 10 8190 9 7637 3 10276
455 -1.7560364921980509 -8.3248411490756737 29.52361050680922 15 18 27 0.96248829187836282 8 8513 10 8198
456 -12.554027541156765 -9.7863535175070595 55.351222026886873 33 34 46 1.9766210057365616 1 8014 10 8228 9 7679 4 15509 3 10337
457 -10.619201931686764 -8.857351900072306 51.029837131809714 63 38 23 1.9157324024286926 1 8177 10 8229 9 7907 3 10583 4 15510
458 -2.2094060446702328 -2.9090393632338833 28.498980821315683 232 214 180 0.44190918487106523 10 8240 9 7700 4 15404
459 -2.2094060446702328 -2.9090393632338833 28.498980821315683 232 214 180 0.44190918487106523 10 8241 9 7701 4 15405
462 -4.336375033987415 -2.4349938134949891 32.989717932571075 220 204 181 2.3860324277502678 1 8028 10 8248 9 7931 3 10611 4 15524 1 8193 8 8584
465 -1.3193080375627222 -7.3212048679604473 28.416276815254982 31 32 37 1.2404180270531726 8 8810 10 8341 9 7895 3 10554
466 -6.9683877845064002 -8.9463210843157999 43.26420510704466 33 33 43 2.0951052602632028 10 8350 9 7900 4 15492
467 -4.5592668670067678 -5.994593250831632 36.758707568578032 251 241 225 2.0154017446529195 8 8840 10 8354 9 7908 4 15572
470 -2.021598322022264 -2.5011416912991793 28.100014760463274 129 135 133 0.97802272232100862 10 8369 9 7926 4 15407 3 10598
476 -1.6724796810159746 -1.3560760367787235 26.343670223715726 239 221 185 1.6163006764825709 8 8600 10 8380 4 15526
478 0.26264054858329205 -0.57442819715702853 18.114099335237963 94 95 89 1.1581310770291631 8 7680 4 15292 3 10359
484 -6.8966311898320605 -12.955467694084543 25.317827387722243 32 32 40 1.4410403443619626 10 8442 9 8018
485 -3.1985634518079364 -6.5796434899841465 32.446742506816086 122 121 121 1.9365415261403878 8 8831 9 8047 4 15612 3 10843 10 8461
493 0.3818822439489597 -9.1180405161295504 23.713870824533334 34 34 44 0.80447009665004054 8 9005 10 8521
496 -12.265345391534215 -12.980062947274314 42.14289589322604 21 20 26 1.577804010461302 10 8585 9 8209
500 -2.9674669266959133 2.0635317343877881 22.973545126946572 251 223 186 2.0361239618990363 8 1853 10 5959 9 4338
501 -0.14252502397498124 1.1287181981662691 17.69279619080023 191 185 171 1.3313329761881927 8 4289 10 6841 9 5599 4 13790 3 5725
502 -0.18165557358608939 1.2998760057360483 17.634680274671847 189 183 167 1.2674975933924575 8 4302 10 6847 9 5609 4 13798 3 7642
503 0.74482747889179191 1.5051449106633032 14.677342655815357 243 237 213 0.25290469557461875 10 7462 4 13811
504 0.64937963092382123 1.376437790784 14.872118586452345 229 214 185 0.09419111046401564 10 7842 4 14512
505 1.2860179895103527 1.3421939207139975 12.324040022828756 131 165 193 0.52409085159171065 10 7861 9 6476
506 0.902894462967339 -0.3191661308224103 14.825519331232234 250 243 225 1.461759270679617 8 5820 10 8061 9 7034
507 1.4590974164178023 -3.2421370015280022 15.555450364881279 199 175 154 0.2838506090616687 10 8203 9 7335
508 -2.3315248472580308 2.1886245979482521 20.499632875250207 223 198 168 1.5745630549184135 8 8906 10 8560
509 -9.9718064714811039 -8.1095437539061468 29.725260752307832 25 28 37 1.4609958456987011 10 3927 9 1445
511 -4.2555206908879235 1.3554369799680246 26.376831228937217 107 161 129 0.54678647199827002 10 4599 4 12256
512 -10.558496017103845 -6.0084318334622449 29.635537713704196 50 36 25 0.41736712021701206 10 5603 9 3864
514 -3.5406080674667719 0.83757540165814903 25.890617591077262 61 66 35 1.7583683740545677 10 5902 9 4270 4 8985
515 -1.0268311257455387 0.74767842647485716 21.537146104029951 17 15 13 1.2803955738509933 8 4261 10 5905 9 5568 4 12215
516 -1.2947982503584858 0.9074565898765351 22.756486482091312 255 252 235 0.79428761453319952 8 1714 10 5906 9 4272
517 -3.341691431950041 1.7242683399608441 27.684061375988325 62 60 48 1.0893492210108306 8 1773 10 5921 9 4302
518 -3.3511943048603565 2.0060154903335743 24.443579713937904 250 229 194 1.6807539492454662 8 1827 10 5948 9 4330
519 -2.7719703086328389 1.5514532098951863 27.026225728759965 216 209 191 1.6087063253652751 10 6818 9 5597 8 5888
520 -4.0463468162587173 1.3636197168961837 26.151289759206506 108 142 118 0.67740732216935207 10 6820 4 13810
521 -0.9191968920763165 1.3978097222160737 20.987218121633962 240 224 198 1.0332108450926121 8 4297 10 6834 9 5604
522 -1.2029382959264066 1.6116760083384383 21.620983273802018 212 192 157 1.2177312419606428 8 1796 10 6843 9 4307
523 1.4917489748554229 -3.8195793638538817 15.295431721305379 6 8 12 1.5986604750198634 8 3804 10 7181 9 5121
524 1.4917489748554229 -3.8195793638538817 15.295431721305379 6 8 12 1.5986604750198634 8 3805 10 7182 9 5120
525 -3.965361855665785 1.0732624433834455 26.77221462921381 44 47 27 1.6837159523159324 8 5876 10 7416 9 6453
527 -0.33733474058722618 0.3654221839526241 18.877688040339006 44 44 44 2.0367756379222293 8 4243 10 7811 4 14879 3 9482
528 -5.5172207032924474 1.525567299472731 29.943711942828998 101 87 60 1.2818042142166743 8 7716 10 7826 9 7071
529 -2.8045513846071168 1.963684911342592 26.63438760655108 14 3 6 0.9053262286802467 8 7025 10 7832 9 7074
530 -1.5211145687044534 0.92101911730548991 24.408296479649739 253 246 225 1.2426569766565261 8 6997 10 8077 9 7057
532 -3.6573049461378715 1.1582639203777907 26.923135927348163 59 70 0 1.0377714635187776 10 8401 1 8049
533 -1.3476361232258125 1.2830076978690794 22.451011063136104 237 210 180 1.4842495919088441 8 8623 10 8404 9 7958
534 -2.3808704389775035 1.7583184719656992 25.954599429367597 231 213 165 1.2540574242987923 8 8285 10 8405 9 7754
535 -1.7330587003100064 1.5743166055180398 23.113794548737463 132 138 91 1.7177491518515329 10 8496 9 8093 4 15541
536 -0.11475507246345507 0.3272409036179329 17.90960531849446 24 25 29 1.1793946091149641 8 9051 10 8598 9 8185
537 1.5490767548984017 -8.5950114761141325 19.627177910376119 92 90 91 0.86344871261344869 10 3401 3 4482
538 0.69988383041596114 -10.017812248028918 23.8700978689977 84 82 83 1.4885311380893065 10 3473 9 880 3 448
539 1.3942228206822169 -6.8685615559514392 18.317667185167565 31 30 31 1.522979811539072 10 5209 9 972 3 6968
540 0.94357441196148417 -8.2636539989689073 22.142190272002988 127 123 124 1.0277541101433354 10 5231 3 6975
541 0.36391113273209758 -8.9118651687019721 24.086682660871151 215 202 172 1.235160536815475 10 817 9 993 3 651
542 1.1392493391319449 -7.3617360433575589 20.616097049325685 247 234 208 1.4416944490349104 10 3558 9 1008 3 675
543 -0.10988002768999491 -8.7200895756188839 25.94408789831391 75 73 76 1.1049047458649393 10 959 9 1118 3 800
544 -0.28302690530742763 -7.6372808649268018 26.367483912225318 192 186 174 1.5935858782253092 8 865 9 1254 3 1007
545 -0.55499237582413885 -7.5856410136467041 27.292380613006962 108 114 126 0.98652719953374124 10 3804 9 1298 3 4911
546 -0.21889899827011947 -6.8250855304629949 25.064723993429208 235 226 209 1.4035150349247887 8 902 10 3803 9 1314
547 -8.5703917750701812 -7.3244517210132747 23.834384144941357 84 70 61 1.6186711824544993 10 5415 9 1352
548 -1.8913231788160467 -7.7723889918067206 30.043751130601912 94 90 89 0.37266826926333207 10 1317 4 7897
549 0.27721389875060726 -5.2260699651459701 21.555304396325905 27 31 34 0.99249810626637169 10 1285 9 1380 3 1192
550 0.27721389875060726 -5.2260699651459701 21.555304396325905 27 31 34 0.99249810626637169 10 1286 9 1381 3 1193
551 -3.8193586703931546 -9.1483178119383606 36.654274208206218 7 10 18 1.3087526123632716 10 1406 4 11602 9 1402
553 -0.98207328502333668 -6.688790585306168 28.270489687788366 255 251 236 1.533433599628238 10 3912 4 13380 3 5031
554 -1.6945829481601948 -7.2216678027127656 30.824854209271656 24 28 34 0.83172548188460937 10 3928 4 11619
555 -8.7834843814340129 -6.4626155940236014 24.09404236241306 0 0 0 1.4976356374696804 10 3929 9 1481
557 1.3197727151214473 -3.1443127660276073 16.072169975815857 217 201 176 1.3391211382545798 10 5464 9 1529
558 1.0543848919308771 -3.3962443430138602 17.42859656651218 231 219 195 0.5987312190042906 10 5483 9 1537
559 0.046585802963606635 -4.0500857069059482 21.429709949902257 25 27 24 1.7384993863271836 10 3991 9 1570 3 1423 4 8185
560 -3.278160301591162 -6.6856916679677347 33.519701701063241 102 106 109 1.3436441055596295 8 1084 10 4022 9 1573 3 5158
561 0.883100231080586 -3.1555657133190764 17.758972029886806 105 80 56 2.0815124818365986 10 5534 9 1584 4 11705 3 1437
562 1.2264004239703761 -2.7633984179475974 15.946229091364989 246 242 226 2.1642878197144046 10 5515 9 1588 3 5159
563 1.7655358329238411 -2.1327704414292898 12.949217064816203 249 246 217 1.9261303701531238 10 6548 9 1600
564 -0.061017944163532609 -3.9241194352412934 22.047357556715866 8 1 1 1.65836817348327 10 4018 9 1603 4 8242 3 5181
565 1.0167349318471943 -2.8356003313767624 16.982632061926502 75 54 48 1.4652337724374085 10 5547 9 1621 4 11726
566 0.81866537542749007 -2.9947647600780907 17.929994809347111 224 223 191 1.0761783797895454 10 5554 9 1626 4 11732
567 -11.137072928326722 -6.9886109514389192 32.746509387973987 80 67 59 1.9090896998776135 8 1106 10 4061 9 1629
568 -9.1659353453535104 -8.4200694432126877 47.505216767296986 237 223 214 1.7890135907790277 1 1014 10 1695 9 1670 3 1598
569 -1.0727202917078327 -4.0927609714870776 26.281465733549489 234 218 187 0.97052149873404459 10 4092 9 1680 4 13552
570 -1.3924819169942291 -4.2483425391330423 27.344946161289453 247 236 220 1.227412808167144 10 4105 9 1689
571 0.38651829901931734 -2.8337721701352723 19.442293249527534 111 85 62 0.78400771561768856 10 4083 9 1697 4 11820 3 1602
573 -1.5618273079568208 -4.038889372659165 27.923960326935241 5 4 0 0.62995515791413226 10 4140 9 1742 4 8452
574 -1.3128469490499834 -3.5865172495536841 26.74571974403127 251 237 209 1.1291929004351036 10 4170 9 1781 4 11904 3 1674
575 -0.9996921629892821 -3.3319326022433939 25.149581506318686 237 222 196 0.83524749731024117 10 4171 9 1784 4 11898
577 1.9347909491493469 -1.1414917722397326 11.433362899502738 109 94 78 2.5529054004356793 10 6617 9 1835
578 1.9347909491493469 -1.1414917722397326 11.433362899502738 109 94 78 2.5529054004356793 10 6618 9 1836
581 0.64966512357291861 -1.4340023783267219 17.121137410655631 223 218 196 0.072559577772374942 10 4273 9 1938
582 1.2078938221454243 -1.1238140681726672 14.545565335844813 254 243 227 1.3600980718601487 10 5731 9 1955
583 1.6125950867112084 -0.92291854208292734 12.541198452890207 28 29 42 1.5153530886592812 10 5717 9 1962
584 1.4752689083195385 -0.94449763892701999 12.781140450589096 21 28 40 1.5124573380060129 10 5723 9 1964
585 -1.1045761126417364 -1.8925675232546995 24.125883592053761 232 221 200 1.0436197934621436 10 4327 9 1984 4 12033
588 -0.65186190751188544 -0.96592602956284745 21.989707471616597 253 243 227 1.475973684119382 10 4423 9 2113 4 12101
590 -0.69162037897299167 0.61340106828075103 20.986929148271411 242 229 210 0.99581566787883435 10 4561 9 2254 4 8924
591 -3.9420448515107704 1.0272479319050674 27.286295285642939 193 218 144 1.3328149086845535 8 1728 10 4575 9 2286
592 0.77932058878248434 0.89367206712993474 15.161420789629011 253 241 219 1.7772716824673189 10 6838 4 12212 3 5704
594 -2.540233245050294 1.6957810621776659 24.947295518413004 221 203 174 1.0320665388308257 10 2480 4 2425
595 -0.15144343994577167 1.2808666586978288 17.653007800657999 192 185 166 0.59852080105069672 10 4636 9 2343 4 2367
596 -2.3260934934679662 1.7768819599891783 24.5418166134682 249 234 198 0.62357454899921272 10 4621 4 9046
597 -1.0378612438625165 1.7264162645424834 20.379206760102555 195 179 151 0.88912670156362061 10 5955 4 12271
599 -1.445687549160849 1.9923700850100179 21.220882367122456 242 219 175 0.56218314084605647 10 4652 4 9073
600 -2.0197596602071561 2.060529319929453 21.565521925354947 249 235 206 1.7928506846594225 10 5965 4 2496
601 -1.5789281158695971 2.0849013002812069 21.274471033880573 194 167 135 0.73907090084852445 10 4659 4 9079
602 1.2037486228057153 1.2819438410074018 12.471365377204879 27 35 48 0.30233732048480777 10 6883 9 2395
603 1.2650658072524466 1.2882160521241484 12.352319540395493 33 43 56 0.37699438858469675 10 6886 9 2398
604 -0.26257250830505841 1.9748356375249763 17.434586697056993 89 68 51 0.21919778985052599 10 4710 4 2491
605 -0.97639152731493362 2.2613752346647962 19.412291811513768 202 180 154 0.36428139348497962 10 4702 4 9102
606 0.76531626429377975 1.8143167018265136 14.504590511252195 182 165 139 1.3743854021557189 10 6021 9 2427 4 2476
607 0.76531626429377975 1.8143167018265136 14.504590511252195 182 165 139 1.3743854021557189 10 6022 9 2428 4 2475
608 -0.56013405787493442 2.3361718359282957 17.26916800386503 116 84 63 0.2886128564230217 10 4767 4 9114
609 -0.56013405787493442 2.3361718359282957 17.26916800386503 116 84 63 0.2886128564230217 10 4766 4 9113
611 -0.37656216760483563 2.4397522674648515 17.282519180353464 28 19 14 0.90836956821440784 10 6893 4 12303 3 2596
612 0.75569589579734042 2.0854779444470197 14.45694535433112 187 160 139 1.1471129830817273 10 6039 9 2459 4 2525
614 2.5657288139995749 -11.039995636626609 17.108466171706052 0 0 0 1.2973683912329139 8 222 10 4951 9 2981
615 2.3633137813329781 -8.4269795140687851 16.243602061875254 242 243 227 0.59458102181432748 8 471 10 5028 9 3142
616 -6.5605521182967204 -12.616579469713868 21.265695596082853 85 73 70 1.6138826010966971 10 5073 9 3157
617 1.7316833244458174 -8.6084040692309571 17.921797404933933 21 16 14 1.017389616622745 8 550 9 3216
618 1.5316046723497456 -8.2158134252945541 17.952944975878403 49 59 69 0.95458478339466191 8 600 9 3265
619 -7.1837203945274748 -12.99309754201281 25.244613597488701 81 67 63 1.7669361600619906 10 6303 9 3275
620 1.438046731986343 -8.6035722254194322 20.108752363461942 69 64 66 0.86598716595640979 10 5164 3 4508
621 0.80761101952039427 -10.170775199189416 23.483575500593012 75 72 76 1.5925703762890135 8 3514 10 5185 9 3318
623 1.6461092574984337 -7.106964580716336 17.938113848236988 44 44 52 0.12043823516341508 8 706 9 3348
624 1.6917688596292524 -5.1557912587489527 15.43581814544058 125 157 189 1.2868994272141341 8 3685 10 6359 9 3447
625 0.72872657704641941 -6.7832403511867678 21.591222351464523 234 225 210 1.6722945714856259 10 5307 9 3513 3 7068
626 0.050830483104865411 -7.4994643867579915 24.849014814819249 248 240 223 1.4448942102552012 8 3713 10 5344 9 3543
627 -0.95994500013810602 -8.6958200023371202 28.386909162036286 64 67 75 1.0262895645440615 8 839 9 3544 3 962
628 -0.73038474217584304 -8.3892748323907362 28.214274124299362 19 26 43 0.90112996784950461 10 3766 9 3559 3 4865
629 -0.40149885870000307 -7.7248083461360997 26.853934292873038 99 96 107 1.3527065374062972 8 870 10 5378 9 3575 3 4891
630 -0.73987026541338541 -7.6132227681197682 27.91130900917824 111 117 129 1.4222692097997964 8 3742 10 3816 9 3598 3 7150
631 -0.49512127866347938 -6.5205350401878963 25.66321008581961 28 32 40 0.836866227302271 10 5436 9 3640
634 1.4467953990005675 -3.4033300312137276 15.534927638548629 60 55 53 0.52048254296028207 10 7203 9 3673
637 1.3355166005430081 -3.2153458686667387 15.946320971812524 226 216 188 0.58257472258927789 10 6529 9 3713
638 -1.6171677156396995 -5.6937298791039899 28.689949094586172 102 97 91 1.3622226389531298 8 1093 10 5550 9 3766
639 0.58446134784672876 -3.6073935476963279 19.344828965623993 249 236 211 1.6754177447590384 10 5525 9 3768 3 7296 4 13449
640 0.071514161761055406 -3.9090127811236548 21.584714635957379 25 21 20 1.1010586622018288 10 5552 9 3787 4 14294 3 5167
641 -7.720763509070248 -4.7895035918986117 20.88460155918488 0 0 0 1.152029737358617 10 6582 9 3795
642 2.7452114781839292 -1.0561437668244769 7.5830076345261528 247 246 226 0.58122382578212495 8 1355 9 3803
643 1.6319193140688513 -2.0832704081858888 13.06995617766276 250 249 221 1.499701514132086 8 1259 9 3811 4 13450
644 1.2026183992194521 -2.2145369131460826 15.472441966863126 189 184 164 1.4898098174059868 10 5580 9 3877 4 13511
645 -9.8765315650052141 -4.5540187769049219 26.651610947754715 0 0 0 0.5216237413636079 8 3967 10 5664
646 0.89166561459260729 -1.8009531847757942 16.584004907982937 231 222 199 2.4309607321313353 10 7291 9 3937 4 14389
647 0.75157899562738839 -1.5774035939470827 16.991730468079172 251 243 227 0.2108618459392928 10 6657 9 3987
648 -0.9867531527413187 -2.1581925348064854 24.15123671978666 226 208 169 1.1282690362898058 10 5736 9 4014 4 14431 3 7451
649 1.6705347895921772 -0.91271673524111818 12.415986420369409 5 9 18 1.5531116350645697 10 6670 9 4025
650 1.2210016562560271 -0.85419488535052746 14.539609496974135 162 155 149 1.0360533165206205 10 5762 9 4084
651 0.23140022449869799 -0.62993533025141402 17.862397566903908 116 123 116 0.15512608490013358 8 1591 4 12096
652 0.18481505686617325 -0.30708123069839088 18.330093917812313 114 119 113 1.4907769135864217 10 5855 4 12125 3 5556
655 0.19323425167195357 -0.075063627897145477 18.031165857579133 79 70 68 2.4733491880307521 10 6761 9 4216 4 13727
656 0.88790649070261218 0.017967973064031455 14.797942825266807 252 246 222 1.0794460038165221 10 5874 9 4227
657 0.88790649070261196 0.017967973064032465 14.797942825266809 252 246 222 1.0794460038164728 10 5875 9 4228
658 0.18158892649509437 0.027954665973793157 18.032976297273841 41 31 29 2.0681678121686153 10 6766 9 4229 4 12152 3 5602
659 0.026964027652245863 0.19714351829032722 17.854341972188866 176 185 182 2.253728229972793 10 6779 9 4243 3 5631
660 0.89726725240739402 1.2341353657464362 14.612026898275605 184 175 158 2.0461208705940961 10 6857 9 4316 4 12238
661 -1.5567840773193597 1.7943547054125817 22.1918378423387 69 45 40 0.46308976919927564 10 6846 4 9054
662 0.82840662539814536 1.3157662346405257 14.692842839529057 191 185 163 0.43133563329365765 10 5978 4 9005
663 -2.5862293100180596 1.9499386202663271 22.372847345568228 221 192 162 0.36864336696977451 10 5956 4 9077
664 -1.0663981440249735 2.0447873016610392 20.089301953712127 184 164 137 1.1839353693416572 10 5972 4 13831
665 -2.1078457655739515 2.1697143786614883 19.796909193331196 253 238 205 0.64991214741617709 10 7458 4 12296
666 -0.28033841338532511 2.0366549489935952 17.367815274745862 47 33 24 0.99971798849691862 10 6870 4 9087 3 2542
667 0.72045242333237869 1.7633526540075328 14.498342069146359 169 148 126 1.2349598356547522 10 6016 9 4371 4 9069
668 -0.10921031625563621 2.6225244934992182 16.566686441233223 251 240 212 0.20986936231536701 10 7484 9 4406
670 -6.5877528944369459 -12.560713068220046 21.049871999276426 5 5 10 1.2664278510590377 10 7054 9 4820
672 -6.7080090910151853 -12.634177118468841 21.845217428981655 74 60 59 1.9908330086496977 10 6245 9 4847
674 1.4273054001685799 -8.5201490433182681 18.064017167588776 55 68 85 0.5214662688275371 8 3484 9 4886
675 2.2410155708732695 -6.4679295977740052 15.192525422489711 231 229 213 1.8981423416370535 8 677 10 7067 9 4911
677 1.6070997369128723 -6.9825242788807458 18.085486540066579 12 10 14 0.79219892038001039 8 3606 10 6335 9 4969
680 1.5942927189965683 -5.9780934470127622 17.505985596657325 249 240 224 0.30692369779692696 10 7121 9 5025
681 -0.15873180778004464 -8.6199823205900685 26.324137355737481 18 25 36 1.0974278983186503 10 6438 9 5053 3 7055
682 -11.080184504973362 -13.312591803913419 39.833630996648658 15 15 25 0.75467909262551147 10 6487 9 5081
683 -1.985849277099853 -7.2256298481420291 29.050638367764677 25 28 35 1.190923342329077 8 3787 10 7220 9 5158
687 1.1724241039078525 -3.4872064177199813 16.862828324137993 250 248 243 1.7619310222689304 10 7217 9 5190 3 8504
688 1.7793573387849764 -2.4360017338518589 12.623334001707487 93 76 70 2.3598456158225343 8 1161 9 5195 4 14233
689 -6.2170152712257112 -9.0215720795555292 40.711634123983586 26 28 40 2.1848059333804977 1 890 9 5205 4 13471
690 -5.0354805429270506 -7.3657158699245819 38.399660771526527 89 89 91 1.595148646197069 1 5623 9 5261 3 8552
691 2.9648548807681001 -1.0088922924854418 7.6051863695502275 255 252 235 0.50530423319967932 8 1367 9 5265
692 2.8322023176281452 -1.0162911191434492 7.5948225824428972 223 217 196 0.036341313581928991 8 1369 9 5271
693 1.5858939967729613 -2.0260224093512793 13.783365969481142 251 234 208 0.28123198543697864 10 7244 9 5289
694 -11.114551936774429 -6.2240075955639105 32.215836773797513 88 74 65 1.8583753588773657 8 3914 10 6616 9 5306
695 1.444635928523458 -1.9797238533966437 14.250288282929089 236 227 210 0.37100782569970014 10 7251 9 5309
696 1.429464228747729 -1.9310232682184536 13.942914762519587 236 227 210 1.9330556344270218 8 1320 9 5310 4 14320
697 -8.9621034301243174 -7.6979082050346612 46.451740250957371 16 19 24 1.7266287903519508 1 3927 10 6633 9 5316 4 14807 3 7377
698 0.83294413434320402 -2.3478398026381826 17.251796725405924 133 114 100 1.6845084480867043 10 7269 9 5322 4 14352 3 7372
699 2.4587260439759602 -0.91487055625160951 8.2372879006711308 252 241 215 0.2741232070046139 8 1424 9 5334
700 2.930606255438498 -0.69851948299384337 7.5819973971848098 240 223 192 0.46494468507198772 8 1477 9 5348
701 2.3859868646411697 -0.79922036932987439 8.3150318427301073 58 44 32 0.53871560897508364 8 1469 9 5353
702 0.34875551452143722 -1.9493857137221353 18.531115739405831 15 9 10 2.5311229065661975 10 7298 9 5369 3 7416 4 14402
703 2.5641810028556971 -0.60662621318482057 7.6327793769554466 252 251 226 0.38682393454292369 8 1514 9 5374
705 0.18857418524487568 -1.8432954100684924 19.221527400653638 168 145 115 1.2222536890296865 10 7313 9 5388 3 8611
706 1.096426970793799 -1.2427237701368992 15.045332587154435 185 175 155 0.47208357592824712 10 7744 9 5405
707 2.6363012915093238 -0.44050932230784151 7.552134883868356 243 237 213 0.26600190955922559 8 4143 9 5421
708 2.6004457326956891 -0.25350626892573547 7.5058281678466034 80 58 45 0.38293325288568358 8 1607 9 5453
709 2.6004457326956891 -0.25350626892573547 7.5058281678466034 80 58 45 0.38293325288568358 8 1608 9 5454
711 -0.7209678260251029 -1.01277667890371 22.07478064814935 43 42 39 1.6640422226110481 10 6711 9 5466 4 12100 3 5498
712 0.28104592164464831 -0.55690734530995178 17.822065095435512 72 66 58 0.62909329420390159 10 7371 9 5485
715 -0.53521921847244969 -0.47422862709952313 21.222849703460295 193 184 167 1.2599436133965456 10 6744 9 5497 4 13719 3 5552
716 -1.6285623648030947 -0.018981261630286513 24.824106605036654 249 231 209 1.6192510826269579 10 6763 9 5519 4 13742
721 -0.0049014306463202127 0.93470175763607688 17.746376910886667 39 31 28 0.30697950241320504 8 1751 10 6824 9 5589
722 -0.87141072750025039 1.2491269782219963 20.633141041897421 248 233 210 2.330210173752854 10 5926 9 5598 4 13794
723 -2.4232813557290327 2.127962749240806 25.12614284233327 242 226 201 1.7385225984910015 10 7429 9 5612 8 1826
724 -2.0656010016724764 2.1760276913991539 23.301767002472264 255 246 215 1.2586978717670885 8 4343 10 7436 9 5621
725 0.86594718814337013 1.4691412132180404 14.57078273605547 126 106 83 1.989368324857993 10 6867 9 5623 4 12253
726 -2.8320984310114024 2.0996951505885844 22.516693375193153 249 226 195 1.9658705775228562 8 4353 10 5964 9 5624
727 -2.6869030377069039 2.1273254374481678 22.042998105839505 252 231 200 1.9172021025630535 8 1869 10 7444 9 5628
728 -2.1221446209821702 2.0950487212678737 21.107788608756966 214 191 159 1.4347833130230314 10 7445 4 12290
729 0.62029135172160488 1.5790027744259609 14.914770387748121 252 243 223 0.25059639770517728 10 7849 4 14520
730 -2.4429997164561694 2.0643523649791162 20.91037733332842 253 240 208 0.33667090220921081 10 7447 4 9097
731 -2.4429997164561694 2.0643523649791162 20.91037733332842 253 240 208 0.33667090220921081 10 7448 4 9098
732 1.2263848194817752 1.3230196918836601 12.395510174089667 130 163 194 0.46531974803991727 10 7859 9 5644
734 -0.71102945699604836 2.0982285996078009 19.144139773182474 251 246 227 0.29335197848108185 8 4372 10 7844
735 -0.32843176344719971 1.9576240005617267 17.421079446092726 195 185 173 1.518079004004804 10 7461 4 13835 8 4375 3 7697
736 -0.30187934398109395 2.164759391281124 17.397736363485329 32 22 20 0.83232667154839657 10 6874 4 9100 3 2558
738 -0.24178895975920342 2.3446741468704411 17.088777980129478 155 140 107 1.6356338919905096 10 7475 4 14536 3 7721
739 -0.45282138922018467 2.3953399919441618 17.233007506448089 0 0 0 0.047110510155819157 8 1953 10 6891
740 -0.91244173119943051 2.4230030882037665 16.341558534948827 0 0 0 0.19674899738047696 8 1977 10 7481
741 -0.94903711801056878 2.5069194047553052 16.318916695677505 248 227 196 1.3715902553541008 10 7485 9 5681
742 0.2261984487062616 2.7210855274077472 13.753814148700373 247 239 213 1.3801309799911787 10 7516 9 5708
746 1.8021002077166999 -7.8543654073255809 17.922583316930901 51 51 61 0.35862146208583778 8 5360 9 5988
747 0.63456759985654509 -10.434670179863133 23.428414365059332 46 130 212 2.3126076767707993 10 6318 9 5996 3 9165
748 1.7198118902864652 -7.4992524530410671 17.945588506709409 0 3 12 1.3637314735991675 10 7086 9 6005 8 5386
749 1.672702340335154 -7.273522960719629 17.976225606518994 31 29 36 1.131641053022775 8 5398 10 7093 9 6014
750 0.42797931861972488 -9.7867235089245845 23.95227349280896 37 39 47 1.7059285779149744 10 6354 9 6021 3 8328
751 1.1999919328304978 -8.4106422676745929 21.109753934615949 24 28 40 1.2865721746132959 8 6629 10 7597 9 6022
752 0.4697088601772178 -8.6376800852944289 24.132647026298365 20 23 38 1.015528090567833 10 7143 9 6053 3 8369
753 1.7613453349613504 -5.11417999872649 15.403996381362294 7 19 27 1.657152036202244 8 3689 10 7602 9 6059
754 1.7613453349613504 -5.11417999872649 15.403996381362294 7 19 27 1.657152036202244 8 3690 10 7603 9 6060
755 -8.6725424962877398 -12.968017182156823 33.136256239022153 64 102 146 0.85755249142002821 10 6430 9 6064
756 -0.24892277921869646 -8.4438801361453066 26.835842471533898 89 90 94 0.36651517945798789 8 6679 9 6080 3 9243
757 -8.016645851517147 -7.9032631972904994 22.836186783611446 24 29 41 1.6329776072584183 8 5439 9 6095
758 0.42920830510667524 -6.3947672817454047 21.986937137539869 5 10 19 1.3040525553136948 8 5461 10 7185 9 6096
759 -2.9417851339164351 -9.0938587879281076 32.956878067930994 19 23 35 1.3034661516044954 10 7211 4 14993 9 6126
760 -9.224198132297456 -7.6522319994949042 26.793158438555505 41 36 42 2.2927222060608221 8 5482 9 6148
761 -0.11653647487059683 -5.2747128649189072 23.267467207976537 49 50 54 0.84590533478378682 8 5526 10 7672 9 6163 3 9297
762 -5.1841407469471621 -9.0352222138312186 38.235099697065721 16 19 28 2.577474975682831 1 3824 9 6167 4 14727 3 8507
766 2.9739909241940734 -1.0931638808285999 7.6145657637429194 92 75 59 0.61878819030300636 8 4017 9 6208
767 3.2866780746278002 -1.0265635516555269 7.5962531085514833 86 70 54 0.49811153403362329 8 4028 9 6213
768 3.342866719426222 -1.013313757740731 7.6242040031857945 89 72 61 0.26914286686796057 8 4032 9 6215
770 1.3929971814980664 -2.1220611246910681 14.414645104772843 185 179 155 2.2545207132749399 8 5667 10 7690 9 6241
771 2.8996061108739624 -0.89083615363648783 7.5925888349869801 253 251 229 0.2468472898094618 8 4059 9 6251
772 1.3852023786678547 -2.0476448108983574 14.494347464965655 186 175 160 1.8788116882298223 10 7696 9 6258
773 2.6942150988570432 -0.88893650811174652 7.5878875322340162 204 187 169 0.24729600902272247 8 4061 9 6260
774 1.3558914466917282 -1.9834993129949099 14.588382674463697 198 179 166 1.6895443548629465 10 7700 9 6267
775 0.91649354356743018 -2.2859593254877999 17.192875574151419 232 225 190 1.5727726796719477 10 7708 9 6278 4 14773
777 0.91888784155320791 -1.9257966438119567 16.59675476618612 213 209 189 1.6306379518831473 10 7719 9 6291 4 15064
778 2.730856985474253 -0.67827708814211252 7.552388085439075 30 19 17 0.022029307418218104 8 1489 9 6296
779 2.6895758573824544 -0.60624180070906952 7.5533126908108681 54 42 29 0.070175761299475059 8 4111 9 6315
780 3.1338472153467882 -0.53843931786288313 7.5919319127921616 255 249 230 0.6365141069500484 8 1526 9 6322
781 -0.84995356979410419 -2.4776418051391538 23.819523664420149 188 179 152 1.6821629368540187 10 7312 9 6329 4 14825 3 8609
783 2.7270430707203266 -0.51498081368422932 7.5410824344900869 84 70 50 0.54217274475864963 8 4131 9 6337
784 2.7270430707203266 -0.51498081368422932 7.5410824344900869 84 70 50 0.54217274475864963 8 4132 9 6338
785 2.4467991647695588 -0.57705336564222964 7.9561679862355259 253 253 232 0.8245029080416526 8 1534 9 6339
786 -6.7998354844797975 -3.7728218487405241 39.789322565462911 212 193 173 2.1487182304324199 1 5739 9 6347 4 14845 3 8638
788 2.4031366703769894 -0.38211633263566935 8.1234269019262122 245 233 215 0.21780398393784883 8 4165 9 6373
790 -0.068749890854813062 0.17634431099857104 18.46187524401612 17 17 15 1.5942744105705353 10 8074 4 14871 3 9475
791 0.11174688118918898 0.28640454982231223 17.761548401892593 46 42 39 0.47448116936476142 8 5856 10 6787 9 6438
793 -4.8008403635025756 1.6457244760608967 28.418481822739178 16 18 17 1.4629880536783684 8 7020 10 7421 9 6463
794 0.78067278251028072 1.7060039652143373 14.451562019576615 197 191 175 0.27126506666605954 10 7855 9 6479
796 -1.8069853120431094 2.2609117894092208 18.673491295804599 249 233 201 1.5795881895558814 8 4396 10 7853
797 -1.5413636015200951 2.261322627779252 17.813857060293277 189 162 133 1.3213639775646326 8 4403 9 6484 4 13847
805 -4.9559665579901617 -12.494662369432032 17.577414809902027 80 69 65 1.8036687932429061 10 7908 9 6633
806 2.1968246480123135 -6.7709571208533408 15.333340595744327 207 197 185 1.0049168577245171 8 6617 10 8150 9 6709
807 0.54576343732161647 -9.9581548166507137 23.880035539904316 77 69 70 1.4075663500856308 10 7596 9 6739 3 9182
808 1.1759258836287727 -7.4942817482947719 20.665882857276642 193 186 179 0.61546333730846181 8 6656 10 7953 9 6764
810 0.65124898224382299 -7.3434250677255415 22.356916246722115 7 8 12 1.1205276721538451 8 7486 10 7628 9 6785
811 0.69633587878357572 -6.7781733429591098 21.469151706984992 240 236 222 0.73681259480789141 8 7495 10 7630 9 6794
812 0.69633587878357572 -6.7781733429591098 21.469151706984992 240 236 222 0.73681259480789141 8 7496 10 7631 9 6795
813 -0.45837969190675765 -8.296020451666136 27.299856703213489 88 90 102 1.4364497489313388 10 7643 9 6811 3 9863
814 -0.23227068664825498 -7.820865931718938 26.123625933900339 68 73 78 2.139538927396528 10 7644 9 6815 3 9866
815 -2.0774455295712673 -8.8366925825588414 29.417164498071116 4 6 28 1.6978452241224111 10 7195 9 6820 3 9260
819 -0.9547686638777021 -5.6643438334877034 26.81027663781866 254 253 242 1.2269395553267424 8 6756 10 7995 9 6864
821 2.9289717321591855 -1.0634544907467092 7.6139284556064233 189 177 160 0.44580702990739796 8 5701 9 6890
822 2.7137148579667962 -1.0735602555894306 7.6086162466051297 224 216 193 0.49749234482299953 8 5700 9 6893
823 3.3308501258132961 -0.97251141204023284 7.6320581427006084 255 250 230 0.067500529691463557 8 5714 9 6897
824 1.1494164148868984 -2.4355982372705527 15.83556072217441 165 153 139 1.4737146797088618 8 6824 9 6915 4 15240
825 -0.48726969735091519 -3.1721241653212648 23.107294140666479 190 177 142 1.1820516534970089 10 7714 9 6939 4 15063 3 9947
826 2.6780019383266662 -0.69718428850195013 7.5327803738147212 114 100 88 0.36800857250454155 8 5751 9 6954
827 0.66565083384128376 -2.0692123033907555 18.016551627734817 230 215 201 1.6870973447488538 10 7725 9 6958 4 14794
828 -3.7635749529474505 -3.6800588012550821 33.043357542124468 163 146 121 0.96294621377960399 1 6627 9 6969 3 9396
829 2.4354483659476145 -0.6150145572438781 8.025929470405865 48 38 29 0.93703594596134376 8 4116 9 6974
831 2.2326055490590333 -0.52892103797274737 8.739610458420346 64 56 45 0.15315740069535949 8 4135 9 6990
832 2.6639691672005608 -0.37854722172586697 7.5285728107927703 254 251 218 0.3632814088258528 8 5798 9 6996
833 -1.2269039747526054 -1.6419499834120512 24.329262278380259 212 201 181 0.76877985415534844 10 7760 9 7005 4 15100
835 2.4890412999533189 -0.19779500024820204 7.4809480162449216 201 184 158 0.21604212728958588 8 5818 9 7023
839 -1.8329040688177551 0.9999248561657651 25.224349325584591 121 96 65 0.46321853481220399 10 7821 9 7060
840 -0.11303932978666802 0.89581113532701373 17.779465618699152 201 201 191 1.2524276855873584 10 7828 9 7069 4 14888 3 9496
841 -5.0373142408098595 1.6730162443761636 28.444037282603908 183 164 132 0.93651351287083406 8 7021 10 8087 9 7072
842 -3.1716816544768567 1.9869892503101483 26.603533402023775 236 229 203 0.97416709520806355 8 7026 10 8093 9 7075
845 -0.83499036476875044 2.1323055721300985 19.18444572469808 188 172 146 2.1127076745028819 8 7053 10 7846 9 7093 4 14914
846 -2.2996352130141307 2.1917805970091568 20.692925751461484 254 240 213 1.9357813791209322 8 7051 10 7843
849 -2.2574029054981204 2.0788738635906303 19.098019942287312 236 217 187 1.3270462869262405 8 5950 9 7100 4 13841
854 -5.0436664074839683 -12.546937012458548 17.903226510300463 75 65 64 1.4621189339176186 10 7909 9 7196
855 0.81411530233213458 -7.0083430793931747 21.586735178721085 222 210 198 0.8817273627746155 10 7967 9 7284 3 10270
856 0.42495344983730909 -7.4200593748688375 22.781999500325643 226 219 209 0.56088019696048019 8 7487 9 7286
857 0.47122010584617646 -6.3863751337060348 21.829408540281541 7 14 24 1.4690533108169228 8 8119 9 7302 3 10284
858 0.25249799479037838 -5.1826947534790291 21.680086584017204 33 40 46 0.78325056710490648 10 7985 9 7326
859 -0.91271183518106846 -6.0739255802069696 27.123362110022143 246 243 222 0.47370918944753537 10 8210 9 7334
860 1.0330777512001681 -3.6459454429605809 17.695080015300508 196 193 178 1.284553154630576 10 8207 9 7338
861 1.7474532621764574 -2.3305557883321022 12.70755963567612 222 209 192 1.2333554678259235 8 6793 9 7345 4 15360
862 0.95709621253417088 -3.3097271589302761 17.747505490876456 251 244 221 0.65320848665437115 10 8213 9 7350 3 10316
863 2.5851583256382598 -1.1544747195095251 7.9649528382519712 221 216 205 1.6565485811464229 8 5695 9 7354
864 -0.28854237292560736 -3.1177038980236258 22.169640713704862 224 217 193 1.2078480389127348 10 8015 9 7375 4 15255 3 9945
865 2.6384334554680038 -0.8335334748101435 7.5726107337892161 144 115 85 0.23454117293077753 8 6889 9 7376
866 -3.4312465262236591 -4.7468497085018999 32.695365271878522 45 40 36 1.6904857951444576 10 7720 9 7377 4 15271 3 9952 8 8189
867 0.058571992615525384 -2.700044303234971 20.68868253273471 216 204 188 1.2576224892623828 10 8018 9 7380 4 15263 3 9954
868 0.058571992615524753 -2.7000443032349701 20.688682532734695 216 204 188 1.257622489262145 9 7381 4 15262 10 8017 3 9953
869 -0.72691778407351804 -3.1266534131689334 23.695995469745263 240 231 196 1.2577504490882248 9 7382 4 15267 3 9957
870 0.36323011193141758 -2.3189178644200217 18.955295323441067 237 220 200 1.2788471548692923 10 8019 9 7385 4 15266 3 9959
871 2.5742147464251532 -0.41803981039324001 7.5245687057357946 78 59 49 0.03968233790676505 8 5791 9 7411
875 -0.13343850158060094 1.2013478677285998 17.578153539362749 186 177 160 1.2085755826451074 8 7720 10 8095 9 7457
876 2.7092273127162763 0.65198412323104704 7.2966371757783879 154 162 164 0.30775070656256559 8 7023 9 7462
877 -1.4639313787372878 2.3064100658118689 18.758839500134457 253 235 211 1.2018180654965402 8 7058 10 8279
886 1.6272647707962351 -8.5775533342792816 18.138062396561459 18 16 21 1.8701510650076671 10 8154 3 10238
887 1.6272647707962351 -8.5775533342792816 18.138062396561459 18 16 21 1.8701510650076671 10 8153 3 10239
888 -9.5693672785076238 -12.588810095483472 31.450399696563196 128 123 119 0.42599918106724027 10 8326 9 7630
889 1.0463748981497401 -6.2697233184275012 19.47243985886103 15 19 24 0.79009673864614349 8 8111 10 8184 9 7636
890 -10.074150292512165 -10.748545916006407 31.574252861867404 85 84 88 2.7122597813554696 8 8107 9 7642
891 1.8916158519770594 -2.9741797173971265 13.302650934008502 0 0 0 0.22939103947118894 8 8155 10 8335
894 0.45859266385423031 -2.9853538441718275 19.08080684005283 253 241 217 1.4238784426262925 10 8221 9 7675 4 15375
895 0.68273944320750557 -2.8377218191612523 18.329692457909104 89 87 81 1.7293532504685578 10 8351 9 7676 4 15493
898 2.86403973667842 -0.75710879315403967 7.5649311791507694 68 50 30 0.34677353510697817 8 7638 9 7687
899 2.86403973667842 -0.75710879315403967 7.5649311791507694 68 50 30 0.34677353510697817 8 7639 9 7688
901 2.3026989421105086 -0.72996874797563571 8.5398573073123956 75 61 50 0.081182534870920739 8 6908 9 7698
902 2.3026989421105086 -0.72996874797563571 8.5398573073123956 75 61 50 0.081182534870920739 8 6909 9 7699
903 2.3726031737753832 -0.38980714468716776 8.1384630465614034 138 124 96 0.64852545571518405 8 7672 9 7715
904 2.6596104871144686 -0.30979299033411478 7.5256344938285435 64 48 32 0.024501176164228561 8 6946 9 7717
906 2.5174555187774503 -0.2628897374681371 7.5734478927445288 193 175 151 1.1892494304135264 8 6951 9 7723
907 2.6498825287443375 -0.22155326257708768 7.5335347633928231 224 205 174 0.28959163513279162 8 6955 9 7725
908 0.66015771914950472 -0.52009637000386255 16.141741542078304 201 187 166 0.16731410040485103 10 8384 9 7728
909 0.93133583572892209 -0.47362664112716829 15.125340397672522 160 142 122 0.15570736558828993 10 8386 9 7729
913 -1.4710758876191996 2.2330107288413452 21.042816418624657 250 238 214 1.6003221007493713 10 8273 4 15330
914 -0.98488161516399331 2.1553823314967868 19.601133855184948 217 198 168 1.0058594629180617 10 8414 4 15448
915 0.77207784040733762 1.9244017921964605 14.50518543114055 221 215 199 1.0856030584905982 10 8418 9 7767 4 15328
916 0.36566679084836962 2.1844484654523257 14.936429103306077 197 183 170 0.065353371482279585 10 8423 9 7769
917 -0.094892520544221454 2.4503046738040561 16.538086731978922 152 131 97 1.5596619508316116 10 8421 4 15331 3 10406
922 -8.1963351705170933 -13.055150216425478 28.046925165540564 89 76 70 0.71892229692783882 10 8321 9 7866
923 -10.481393660080728 -12.270344079843456 33.282783062264052 79 74 78 1.3419577249244796 8 8502 10 8191 9 7884
924 -0.14313252784469299 -7.4009045529468773 25.947212607643301 238 229 215 0.89344938172625066 8 8802 9 7889 3 10718
925 -16.84891755971563 -11.006551563894718 52.32695613025809 118 181 232 1.7205621947622738 8 8830 10 8223 9 7903
928 2.5684304505907085 -0.66629675305607217 7.5115862608596551 67 54 45 0.21387031524522471 8 8230 9 7921
929 0.35546428247589368 -1.2956263226997693 18.362542613102331 84 77 75 1.0877298881262683 9 7930 4 15518
930 -1.1027591101356671 -1.341503088301359 24.083344710200116 39 36 29 0.43150386439175969 8 8594 10 8485
931 -1.1027591101356671 -1.341503088301359 24.083344710200116 39 36 29 0.43150386439175969 8 8595 10 8486
932 -0.5525409440895116 -1.1439505480910719 21.818972251089278 208 203 199 2.0050445838382731 8 8596 10 8488 4 15523
936 -0.38270460038395843 -9.4241709499879764 25.969954048352459 56 139 217 1.2662366879950262 10 8447 9 8026 3 10833
937 -8.6533052319974821 -11.082591678746301 27.257440533586095 98 100 113 0.690305767874001 10 8524 9 8027
938 -1.5051126974387687 -9.3440028114600029 29.124059304648561 64 148 221 1.1357037348940802 10 8334 9 8033 3 10837
939 -10.077062827462512 -6.5005488925321631 28.825602111166386 108 97 89 1.8256630575052664 10 8463 9 8051
940 0.45125480815265662 -1.8923555980656206 18.17293406556556 118 124 121 1.5825656998266826 9 8057 4 15573 10 8545
941 0.45125480815265662 -1.8923555980656206 18.17293406556556 118 124 121 1.5825656998266826 9 8058 4 15574 10 8546
946 0.12379832656779001 -8.495504655321092 24.372358026859587 55 53 58 0.6509358949263595 10 8525 9 8142
947 -15.571102294561484 -14.056654423618687 51.078610736733438 22 22 32 0.91706495165914659 8 9127 10 8534 9 8155
948 -1.6130351272310304 -6.5639945296339031 29.060035400559958 18 17 23 0.48615816639447268 10 8535 9 8156 3 10907
950 2.2920535671929834 -0.59972341939773721 8.3739345320661744 231 224 210 1.0689492441109405 8 8589 9 8172
951 2.1981521029329305 -0.17804854450253446 8.6489688131915479 242 236 222 1.1911976106227851 8 8878 9 8180
954 -0.70787153633332522 -6.3528128498546144 26.887120753040183 128 118 112 0.2111848556999415 8 9130 9 8210
957 -1.1713388286234208 -3.7007727638610279 27.207834623036742 248 233 213 1.7147561501507591 10 8590 9 8215 3 10952
960 -4.1362830819304115 1.4476126321670806 26.231400231466242 85 102 78 0.38582233588741555 10 4603 4 12264
961 -4.1362830819304115 1.4476126321670806 26.231400231466242 85 102 78 0.38582233588741555 10 4604 4 12265
971 -3.4943411040338175 1.8198877779515996 19.176068540356386 188 176 156 1.5292431548627219 8 1883 9 5648 4 12297
972 -9.1696362208121105 -6.4069243361188324 25.0397089778752 136 124 112 1.1942470972129926 10 7680 9 6180
973 1.5979332465007865 -2.3372232219384972 13.43885801888479 222 216 195 0.71533546734913189 9 6205 4 14719
974 1.9995336236892647 -1.7613762690270209 10.987923900244763 192 185 167 0.14072615596971322 8 3974 9 6219
975 1.0471959306473952 -1.3080694512930922 15.200530181827943 241 229 213 1.4676466845739398 8 4090 4 15080 3 9397
977 -2.4176233507348432 -2.202491835287697 28.357722984201278 44 37 24 1.9495835988448342 10 7342 9 6358 4 14843 10 7757 3 8645
978 -2.4176233507348432 -2.202491835287697 28.357722984201278 44 37 24 1.9495835988448342 10 7343 9 6359 4 14844 10 7758 3 8646
981 1.0501661932259221 2.237304592462618 12.07642885446591 36 37 41 0.27224100359129766 8 4478 9 6516
984 -9.9745707897005147 -6.5646331314925037 47.460307582098572 49 31 17 1.9571588382950083 1 6619 10 7301 9 6955 4 15084 3 9389
985 -9.9745707897005147 -6.5646331314925037 47.460307582098572 49 31 17 1.9571588382950083 1 6620 10 7302 9 6956 4 15085 3 9390
987 -1.9660678315792837 -1.9908274083492092 27.491351919166217 82 74 68 1.6184742840079123 10 7759 9 7000 4 15099 3 9426
988 0.12201343360679232 -1.1144985968524823 19.031854374167374 230 216 187 0.84186619838349819 9 7008 4 15282 3 9981
989 -10.279889405684399 -1.9110737884272604 27.314479756659242 14 18 16 0.15962588413033263 8 6933 9 7029
990 -9.8796065868771876 -1.4564193538473575 26.910431239402829 90 92 81 0.54277432458054498 8 7676 9 7038
991 -10.025672961942842 -1.5460529105295959 26.586547087249198 23 25 24 0.23168512912517508 8 8252 9 7429
992 -0.50767579116857742 2.5884616803689826 13.889159590312579 249 234 205 2.3483603781198665 4 14552 9 7501
993 0.60856251704661701 -2.4762321654893427 18.283940029235918 87 87 82 0.65576751081957763 9 7683 4 15500
994 0.60856251704661701 -2.4762321654893427 18.283940029235918 87 87 82 0.65576751081957763 9 7684 4 15501
995 1.7713932200461111 -1.1661965692356078 11.535389096748135 200 187 177 0.90216652144391096 8 7637 4 15502
997 -0.55561786787148859 -1.1578582780829967 22.127896813656342 221 210 192 1.7891026582193841 10 8487 4 15522
1002 1.0235455600518113 -0.94239195847624202 16.825708640310769 249 243 232 2.245532342452599 10 4356 4 1708 3 1942
1003 0.0081709932345599822 -0.91193902493831047 19.931866984668467 236 230 220 1.3049260537271936 10 2110 4 1845 3 2027
1004 -6.8409943558113815 -1.7585520846337903 37.66050327218862 249 230 213 1.6891626130300921 10 2172 4 2064
1006 0.72457460121125095 1.6102726435698693 14.634180998612827 255 254 251 0.068042778287738193 10 4732 4 2435
1007 1.1009961310491985 -4.3071836763137368 18.316830047081591 223 215 200 1.1931503569367248 10 1240 3 1197
1008 0.88796269028641295 -4.562729299964162 19.219261991455898 228 220 208 0.44943474598044331 10 1254 3 1194
1012 -2.5107741182376628 -4.7819752022501225 30.925405666802646 119 110 111 0.47256615093317106 10 1703 4 8434 3 1622
1013 -3.7422461780079992 -4.1840819060904142 33.230862252645593 215 207 205 0.93998667966005212 10 1819 4 8590 3 1736
1017 -8.5808604504959813 -5.9444320783810491 45.297187140484567 250 240 224 1.9578390993399017 8 1305 10 1854 4 8632
1018 -4.4247363589574737 -4.0064507422497018 34.547904267734381 218 201 194 1.7668954799422303 9 1874 4 8638 10 4243 3 1793
1019 1.8661073884301269 -0.41667614956396715 11.167605306417267 0 0 0 1.7383399569017821 9 2106 10 6703
1020 -2.0766863932659523 -2.5732775335658618 28.01453302478814 77 69 70 1.0960416737548933 10 1942 4 8684 3 1860
1021 -3.301817775019003 -2.9399425945991058 31.129065337811049 232 225 206 1.5985586483078309 9 1939 10 1953 4 8698 3 1870 1 1244
1023 0.46495378891308287 -1.0634738137299957 18.675752989498676 255 253 244 1.9012871218250014 10 4364 4 8713 3 1957
1024 -8.6110293510218909 -4.7497941602918932 44.371470512257801 253 237 223 1.2778878247394225 8 1383 9 1927 10 1948 4 8718
1025 0.3788583341279238 -0.9705683971669723 17.964023522176369 0 0 0 0.15343720310689196 9 2067 10 5783
1026 0.84073428087490121 -0.79174389121072941 17.272284071671372 251 248 241 2.1937302129061256 10 4402 4 8723 3 1998
1027 -0.71562473265499893 -1.4298342753945086 22.421471123018613 146 145 150 1.6188162028829176 10 4360 4 8732 3 5445
1028 -0.71562473265499893 -1.4298342753945086 22.421471123018613 146 145 150 1.6188162028829176 10 4359 4 8733 3 5444
1029 -3.1153199946115846 -1.9551312124264775 29.868461063929786 65 47 35 0.59820949038935589 9 2056 10 2073 4 8772
1030 -6.6266001751368702 -2.4962833042915946 38.180687368044957 250 242 233 1.1924467603211033 8 1525 9 2081 4 8806 10 4400
1031 -8.4750860832473549 -2.0256293931017506 41.721103143029836 177 187 199 1.6235500942431838 10 2170 4 8843 9 2137
1032 -1.3637438570757328 -0.35438626860161609 24.682543525693717 233 229 221 0.31908367351417488 10 4485 4 8844
1033 -0.44511696231101577 -0.03794130806120892 21.277229839282139 159 159 159 1.3925211318582067 9 4220 10 4502 4 8852 8 1647
1035 -0.28925758140022328 0.2601066074868687 18.967504078624341 99 113 139 1.5078700346439946 10 4536 4 8885 3 2263
1036 0.13794513450465273 0.66938815971458387 17.720826418210919 222 213 206 1.4497022615146309 10 2412 4 8919 3 2323
1042 -3.7754390176392052 0.31215711137798513 26.356585114747251 59 80 40 1.78106718391592 9 2234 10 4540 4 8945 8 1685
1043 -0.55960880816459646 0.81996964564861174 20.763283030851419 229 226 218 0.14986024073279564 10 4572 4 8953
1046 -0.96799879388136001 1.0844420111545485 20.837557467601243 240 232 221 0.45359446076727017 10 4595 4 8984
1048 -1.5118855137544556 1.3205512395598504 22.551145733393049 198 188 161 0.49262466752170353 10 4602 4 9010
1049 -1.379883366489967 1.7841148719299587 21.728897368945564 255 243 230 0.20171125807833068 10 2524 4 9050
1050 -0.98535713960253324 2.2091467140415539 19.509255329026079 225 210 196 0.77212069926391347 10 4697 4 9096
1051 -0.6369973253520308 2.2944806370512567 18.467710020838339 204 191 172 2.0870508766153817 10 6000 4 9104 3 2565
1052 -0.34847294499070397 2.3584629867556477 17.284965411194843 59 52 46 1.8610292635035226 10 4763 4 9111 3 2586
1054 1.0866872423033882 -4.1885905950839444 18.224292493902578 200 198 186 0.48000550471810055 10 3832 3 1222
1056 0.84653414841665109 -4.3548688398315356 19.194092982118217 239 232 225 0.54262250827955283 10 3863 3 1237
1057 0.82475208522304599 -4.2319357910867801 19.253127903212579 250 249 233 1.0269436931276066 10 3878 3 1265
1060 1.7382106945360458 -2.2371910417361742 13.151928834595523 0 0 0 1.5098570633927677 9 1577 10 5473
1061 1.2923839355281426 -2.6705740650303675 15.597188648807844 241 238 234 0.68367028436493138 9 1598 10 5516
1063 0.91261471011302953 -3.0964164708523576 17.60701330571457 196 192 191 1.5307990375886866 9 1592 10 3987 4 11709
1064 1.0158951556045019 -2.8245012958982469 16.930101852712674 85 71 68 2.0367880616961367 9 1620 10 5548 4 11727 3 1481
1066 -6.313193983728274 -8.6631172253258075 39.904395515766893 26 34 47 1.2871590676153655 10 1549 3 1393 1 903
1071 -5.1662359492107948 -7.2847016735203241 38.679540089818673 108 111 130 0.76369565662494043 10 1620 4 11805 3 1513
1075 -8.6947377406229496 -9.0208337531959124 47.065945477424329 253 253 252 0.20311232944222213 10 1643 4 11838
1076 -8.5917144725621082 -8.9131018873636201 46.546022574458981 253 253 252 0.91661215150979514 10 1642 4 11839 3 5226
1078 -7.9900210443283193 -8.5492960360635735 46.033849983759218 69 73 99 0.84794516380368901 10 1658 4 11844 3 1551
1080 -5.9846814488337179 -6.922156042124529 40.335174627047905 73 101 141 0.89821709150928053 8 1166 9 1672 4 11860
1081 -2.1988237210917978 -4.5981332986893459 30.013009763238333 82 81 91 1.2512275393237231 9 1711 10 4121 4 11866 3 5274
1083 -2.9722652822329869 -4.8121169568524742 31.968372518099823 231 223 221 0.72921820825717243 9 1730 10 4142 4 11883 3 1638
1084 -8.4207681133690624 -7.7185646416972267 46.195169347007166 57 58 76 1.7531975735066896 9 1695 4 11895 10 1720
1085 -8.2834543212327425 -7.4122160606676983 45.796406284967297 137 141 150 1.0622821825082605 9 1724 4 11912 3 1645 1 1055
1086 -8.6141061519338837 -6.9670588759300331 46.303339537153057 236 216 195 1.9908658899945466 8 1240 9 1772 10 4185 4 11943
1087 -8.5222664304568383 -6.8971995238510129 45.860220756405795 236 216 195 1.9077027063255567 8 1241 9 1773 10 4186 4 11944 3 5310
1088 -4.5991343425028761 -4.867585513986886 35.796356696609323 232 219 210 0.69712332844703906 10 4205 4 11946 8 1290 3 1709
1090 -1.8071106576003229 -3.150813451973697 27.613428180090679 132 141 156 1.7874282662935184 9 1857 10 4225 4 11961
1091 -1.6443783054140397 -3.0944507460576598 27.540068328638895 244 232 220 1.091921841532064 10 4226 4 11963 9 1862
1092 0.6496651235729185 -1.4340023783267208 17.121137410655617 0 0 0 0.072559577772182055 9 1937 10 4274
1093 -5.5299827951148979 -4.7850452864533546 37.839485892150556 255 248 245 0.75778871701710848 10 1850 4 11975 3 1754
1094 -10.149190857197304 -6.7232139889331775 47.846667900728313 47 36 39 0.49412581474133949 10 1822 4 11976 3 1730
1096 -6.8826871450051277 -5.295846771149586 41.117649465203357 239 232 224 0.79747586425332218 8 1318 4 11982 9 1838 3 1763
1098 -3.1494922157099263 -3.5365112234726128 31.655330271957663 225 217 214 1.0777707442527587 9 1882 10 4246 4 11985 3 5362 1 1191
1100 -2.0175021933204809 -2.9076668650505137 28.052315935193882 245 246 232 1.0040336237910441 10 1895 4 11990 3 1810
1101 -1.7093223764785064 -2.7121929475741453 27.354615021019804 220 216 207 0.68963291442687868 9 1911 10 4269 4 11994
1102 -8.559093000888307 -5.753216115191008 45.040782715525779 253 240 232 1.5912942786258215 8 1324 9 1856 4 11999
1103 -8.5762963217837171 -5.4378394342671248 44.820507327322773 224 213 201 1.4705764928951863 8 1339 10 4258 4 12005 9 1879
1105 -10.090132230077728 -5.7381929451331697 47.537173897235682 224 212 198 1.3212457809216129 10 1905 4 12019 9 1892
1106 -2.0895467830759884 -2.4611729471002737 27.948082005241581 49 44 48 1.7936907911327236 10 1965 4 12025 3 1878
1107 -2.0895467830759884 -2.4611729471002737 27.948082005241581 49 44 48 1.7936907911327236 10 1964 4 12026 3 1879
1108 1.0647939733213476 -0.84566804110846994 16.436531577151797 98 87 83 1.8646556838762329 10 5780 4 12027 3 1961
1110 -2.6466284796315014 -2.6534504068506344 29.446152918494629 189 179 178 1.4493088163287138 9 1953 10 4304 4 12030 3 1877
1111 -2.6466284796315014 -2.6534504068506344 29.446152918494629 189 179 178 1.4493088163287138 9 1954 10 4305 4 12031 3 1876
1113 0.79940770768246217 -0.93351398614955938 17.459013591406805 228 216 204 1.976681073317609 10 5778 4 12035 3 1963
1114 1.9337274542262273 -0.17223020815154344 10.616091533748863 0 0 0 0.97926007578508667 9 2153 10 7382
1118 -11.255396518855649 -5.4651646547106978 49.398678892388794 240 229 217 2.1040736987754851 9 1926 10 1952 4 12057 3 1863
1119 -3.1260283269496196 -2.3559660577764414 29.943010473497683 219 196 152 0.6065052863831083 9 1999 10 4345 4 12062
1121 -4.1262038541828652 -2.6586823998416018 32.83129142906629 74 59 55 0.6532204173861127 9 4062 10 4346 4 12068
1122 -3.5678837063821058 -2.3943005246420173 30.994305315938572 229 236 238 1.8425371992405952 10 4352 4 12069 9 2017 3 1945
1125 -6.4400348469339228 -3.3182739952007001 38.272783600362018 56 52 51 0.8340469763533287 8 1457 9 1994 10 4343 4 12076
1128 -1.4727845263995845 -1.4786592001486547 25.43243095323745 236 229 223 1.7577931284478705 9 2069 10 4389 4 12085 3 5470
1129 -2.0726300502319939 -1.5928153670230232 27.221124316232526 128 139 145 0.98979609673459801 10 4395 4 12097
1130 -1.3668867011719739 -1.2492904915218701 25.321869180990241 89 85 84 0.044391381120020973 9 4135 4 12104
1131 -1.2137057740424473 -1.1598538576715989 25.095687966148315 50 49 55 0.14586261247144544 10 5802 4 12108
1132 -6.0385269280063705 -2.6719617056052125 37.139242844011228 246 245 230 1.5087132456264361 8 1502 9 2049 10 4378 4 12111 1 4073
1133 -10.095250301217598 -3.8832390511809574 45.982458001199198 238 235 228 2.2690099287454339 8 1465 10 2044 4 12112 9 2024 3 1976
1134 -5.1716264111662289 -2.3449983078115366 35.029556010974296 47 44 39 1.126104608999617 9 2063 10 2092 4 12115
1135 -6.0889297568181542 -2.15740769180869 36.527368950205855 243 233 224 1.7463371205078879 10 4417 4 12126 8 1543
1137 -10.266301478865245 -2.8899618782798777 44.492563468095888 229 220 207 0.64956275601242597 4 12134 9 2105
1138 -11.215536468318398 -2.9849911199711809 47.050183502856513 245 230 214 2.1562366913605699 10 2128 4 12140 9 2107
1139 -1.2449625847411641 -0.49803628324040866 24.637637419050606 168 168 170 1.3077364371651952 10 4467 4 12142 3 5569
1142 -8.7754022720049782 -1.877861377514493 41.529066795710683 141 155 117 2.1833426379412457 4 12160 9 4168 10 4443
1145 -5.217619328138821 -0.79634427937031405 33.604950578088328 243 233 224 1.4070513592416063 10 4480 4 12171 9 2169
1147 -0.94340410012735421 1.5224939546319312 20.520450983291131 241 229 215 0.11934727127728925 10 5940 4 12252
1149 -0.097337640137785855 2.3188425184540131 16.617247696634369 251 242 233 1.6148994376457877 10 6896 4 12300 3 5842
1151 1.5087366731321104 -3.4027240751109011 15.195664593989324 0 0 0 0.32429460895090395 9 1398 10 5390
1152 2.07608763149402 -2.2161491879159572 11.779520315850537 0 0 0 2.5378477340364372 9 1515 10 6484
1153 1.1664473302446698 -3.8160164035766835 17.290003408135217 0 0 0 0.62202055718087634 9 1429 10 5433
1156 1.9268613360016023 -2.0535615286820663 12.188104505622544 0 0 0 2.1722705577617551 9 3772 10 7218
1157 -7.9462243569489717 -12.207676739880608 48.52067976319907 209 198 205 1.5849890501622463 1 811 9 1426 10 3954 4 13410
1161 -5.4851089640911059 -9.208911119860419 39.343765316934906 35 40 59 0.88286832086898936 9 1482 10 3968 4 13438
1164 -8.0185024499365891 -10.895389172806752 47.536968008386609 64 72 93 1.3576115696647995 1 876 4 13466 9 1518
1166 1.3416046136153168 -2.3868070783799991 15.055652417885721 243 238 232 1.2433110095904056 9 3825 10 6569
1167 1.5914072128890002 -2.0673003504591514 13.672289346341142 0 0 0 1.7668250250015027 9 3839 10 7238
1168 -8.9492108844059874 -9.2103121500416449 47.681093526278438 86 87 107 1.3527880373741403 1 976 10 1641 4 13546
1170 -8.5253341115560719 -8.3764296620178005 46.362950676555492 155 154 165 1.7090880411146743 9 3850 10 4104 4 13570 3 1575
1172 -8.5660456770813713 -7.47536332177389 45.895697263739677 166 145 128 0.59255597486490252 10 4153 4 13606 3 5287
1173 -9.6070396148810726 -7.7558063908334924 47.807627168446984 106 103 116 1.4701764053275235 9 1728 10 4166 4 13609 3 1655
1175 1.9684640376940554 -0.66973753675749326 10.91775587002515 0 0 0 2.3489716794727746 9 4061 10 7748
1177 -8.5991732181262162 -6.9909964281459214 45.615030221159834 66 61 67 1.4018328633500712 1 1085 9 5337 10 5656 4 13623 3 5304
1183 -2.5066812459293306 -3.3505717503389585 29.994816001290349 53 50 59 0.85633828549810043 10 5695 4 13651 3 5355
1184 -2.5066812459293306 -3.3505717503389585 29.994816001290349 53 50 59 0.85633828549810043 10 5696 4 13652 3 5354
1185 -3.7826100622573469 -3.777261301289935 32.901515956134965 175 167 165 1.1941070273478422 10 5699 4 13659 3 5356
1186 -2.6556396687394268 -3.1902219497991338 29.991228363421044 212 201 192 1.4847111145250362 9 3980 4 13663 3 5371
1187 -5.8940598161678981 -4.5986173278718105 38.461612308972285 237 229 227 1.1516994624920454 10 4245 4 13665 9 1865
1189 -1.7253270076794502 -2.5822172014324405 27.293584647936356 231 224 218 0.97951558128257221 9 1929 4 13671
1190 0.26599144023523702 -1.3991846975072277 19.052451500552358 50 49 56 2.0276939576778243 10 6682 4 13672 3 5410
1191 -3.5814964275692911 -3.3194138586851563 32.755604312302125 228 215 206 1.4305021765552284 1 4024 9 3997 10 5733 3 7449
1192 -4.4146704300101938 -3.6274361648651943 34.277658200373857 223 206 196 1.0090870568002224 9 3992 10 5727 4 13678
1193 -9.9364730837809176 -5.7898303579686701 47.43029900443296 99 81 73 2.1045584557571626 8 4011 10 4264 4 13681 9 3964
1194 -2.9822684284283314 -2.8055185482485561 30.494635743043023 97 85 75 1.4571948320740935 9 4021 10 5740 4 13686 3 1874
1195 -5.1290055135105002 -2.8516724000800711 35.273002212035436 47 41 45 1.4864061057472968 9 4070 4 13697 8 4094
1196 -5.1290055135104984 -2.8516724000800702 35.273002212035422 47 41 45 1.4864061057474476 9 4071 4 13698 8 4095
1197 -11.208446975463572 -3.9640123936117888 47.980409909760425 220 205 188 0.30417022487606071 10 4367 4 13709
1199 -1.7113643619458425 -0.85315562548852708 25.627743186047148 236 223 214 0.76448742873131359 9 4165 10 5828 4 13717
1200 -1.7019361622397355 -0.84740508187051433 25.453174255482619 236 223 214 0.049187241503244369 10 5829 4 13718
1201 -8.2943440031083266 -2.5991273143999498 42.102486369884268 23 30 23 1.4252774971207378 8 4126 10 5796 4 13721 9 5460
1203 -15.675345001060251 -3.8686677006197066 57.642479943919838 0 0 0 0.61962150328912935 1 4098 9 4138
1204 0.2231670963425231 0.10687093863004143 18.120175839283959 234 222 209 1.3961666305872267 10 6775 4 13731 3 5617
1205 -10.682545037847671 -2.3219503370294943 45.339003392534821 182 170 154 2.0333050587775978 10 5825 4 13732
1207 -4.2133941579884784 -0.65365473613517999 30.688494190131745 233 221 212 1.036297347750454 4 13737 9 6416 10 7381
1208 -9.9700628020462467 -1.7585171153339889 43.756663943795857 177 185 170 1.7366549259797353 10 4453 4 13739
1209 -9.9700628020462396 -1.758517115333988 43.756663943795822 177 185 170 1.736654925979594 10 4454 4 13740
1214 -2.3414230541643621 0.12122256017017786 25.870487579274663 106 119 132 0.62466504759467112 10 6773 4 13755
1216 -2.407675623006035 0.43030933730229776 25.688607636002114 234 228 228 0.45060353557701738 10 6783 4 13773
1217 -2.4214289814837704 0.58537936646451982 25.606489261293977 214 213 211 0.76238133101303962 10 6790 4 13776
1218 -3.2913261412367714 0.87609656077534714 26.019157745833688 85 107 58 0.18262503740319244 10 5904 4 13789
1219 -2.5347784982410335 1.3657677270627215 25.091695132754396 221 217 218 0.55453379097940014 10 6819 4 13801
1220 1.1579348938305529 1.3188634486851945 12.557078494973847 156 199 241 0.13509475879390193 9 5638 10 7470
1223 1.3255549594826075 -3.2990881627095212 16.049854365293079 0 0 0 0.27327602237608523 9 3706 10 6524
1224 1.3255549594826075 -3.2990881627095212 16.049854365293079 0 0 0 0.27327602237608523 9 3705 10 6525
1226 1.3728673907219773 -3.0690665184525554 15.706600678881804 0 0 0 0.50126109124686302 9 3728 10 6535
1227 2.0940688616823477 -1.6969777955136998 11.27712926664552 0 0 0 2.3613478027605064 9 3818 10 7674
1228 -0.034051965734879661 -3.5415143868440775 21.765020968203856 252 241 233 0.86077893754051304 9 3842 4 14328 3 7346
1229 -7.0756616412828706 -8.0971845048921249 43.017098957699709 37 41 67 0.16853579160108229 8 5574 4 14353
1230 -7.0756616412828706 -8.0971845048921249 43.017098957699709 37 41 67 0.16853579160108229 8 5575 4 14354
1231 -9.2120299001196102 -8.7598819799610865 47.727360558902156 149 138 136 1.065893028544151 1 5641 10 4095 4 14360 3 7353
1234 -8.2834668813287529 -7.8732871932048392 46.882278082159949 20 19 41 1.983405179599423 9 5307 10 6625 4 14388
1235 -2.7541700501784163 -4.4030129859922811 31.223627907678683 70 68 74 1.6474377810229754 9 3907 4 14394 3 7394
1236 -2.7541700501784163 -4.4030129859922811 31.223627907678683 70 68 74 1.6474377810229754 9 3908 4 14395 3 7395
1237 -8.8976510852725319 -6.854233013319833 46.211194082948083 242 228 217 2.37344295239527 8 5646 9 5343 10 6644 4 14408
1241 -1.6687975264128478 -2.9309963715725029 27.661263803799184 242 230 218 0.94382600232313774 9 5375 10 6661 4 14419
1243 -2.2644149409925967 -1.6770888681851543 27.709692896621142 231 223 220 0.74190354919115664 10 6697 4 14452 9 4108
1244 -5.2089844885421712 -1.7944855621893616 34.528753827213563 228 215 206 1.4143096851621808 9 5472 10 5814 4 14461
1246 -6.1771187816504058 -1.9796307983992079 36.835355935189163 242 226 213 1.1020836277765294 9 4143 10 5813 4 14463 8 4137
1247 -8.8112656072006335 -2.0364541217240064 40.999225937720773 218 205 188 2.2326931426424896 8 5794 4 14471 9 5483
1248 -11.890457925571754 -1.4942898818643826 46.993406790424835 0 0 0 2.2262553956429598 1 4141 9 6414 8 5815
1249 -11.688923903158734 -1.4660401792917384 46.07942911753053 0 0 0 0.075111225820319261 1 4142 8 5816
1252 0.0012756114450569594 0.81009150744839642 17.852833415342243 85 80 84 1.1428012352313497 10 7825 4 14499 3 7622
1254 -0.4643134505732579 2.0735437173331324 18.095063385983241 236 229 218 1.4809084899146836 10 7460 4 14530 3 8781
1255 -3.7700247821000037 -6.8236548087332993 34.69879006526925 97 111 138 1.8909703504520519 10 6587 4 14746 3 8543
1256 -8.4489844248731583 -8.710392127847161 47.167269445959285 191 174 171 1.0656428116323555 9 6230 10 6606 4 14780
1258 -7.6385046935490664 -7.6904398077841654 44.96330050630754 160 146 135 1.4446571161514186 9 5298 10 6622 4 14789
1259 -6.111388200072672 -6.4604046495740572 40.199169611729452 192 218 251 1.7387996627350177 9 6266 10 6628 4 14797 3 9362
1260 -8.9864298188148091 -7.3830847289495418 46.363626819629154 192 183 176 1.7667470754340688 9 6275 10 6635 4 14811 3 8587
1261 -8.8581898391672347 -6.3588737311110295 45.39771801666101 155 148 137 1.0108668491720003 9 6290 10 7297 4 14826
1263 1.0050115178925476 -1.1398239518418329 17.034201165433903 220 215 209 1.3259919182591715 10 7752 4 14833
1264 -5.3827922933124404 -3.3927364620069418 36.015046180310506 253 246 244 1.0001477636789662 8 6885 9 6344 10 7335 4 14842
1265 -8.772562853172083 -4.0649146040543114 43.777122477912414 25 21 12 2.0606765980511903 8 6888 10 7340 4 14849 9 6355 3 8642 1 4055
1267 -8.8966684291021636 -2.3441545247272333 41.510929307658444 216 203 184 1.80154749239788 8 6929 4 14867 9 6393
1270 -11.168575034157088 -1.766863990563873 45.043767225331919 248 234 221 2.1667054498002596 4 14878 9 6406
1271 -1.5670831845836501 0.58819336332113692 24.201158858621937 247 237 228 0.96972322316821291 10 7812 4 14884
1273 -1.1069758729026307 0.89076855401715216 21.448902748694032 114 102 93 0.084895772500756916 10 7414 4 14892
1275 1.8040209580945195 -2.17459709292172 12.844427781985924 0 0 0 0.3257902774549889 9 6887 10 7986
1276 -4.9597151197491467 -8.4524725879922951 38.994067384776194 73 71 80 1.3399052500073043 9 6873 10 7243 4 15038 1 7254
1277 1.2832368059296908 -2.0775615253149291 14.805090454236447 179 170 161 1.1623283522226753 9 6263 10 8005
1278 -3.3567526484193948 -5.7144855588676258 33.120938235266372 224 224 224 1.3628323583050819 10 7704 4 15058 9 6914 3 9933
1279 -0.49032250448167508 -3.1666724535302166 23.068488338450916 227 219 208 0.93828396720641782 9 6940 4 15062 3 9948
1280 -10.698524001679292 -6.636891974788151 49.262951421567344 146 134 122 1.2826248401709046 10 7306 4 15087
1281 -8.3939945540754106 -4.9441606491285093 44.823754879634826 30 32 44 1.4796735643076679 8 8207 10 7745 4 15096 9 7399 3 9401 1 6629
1282 -2.8604982731471131 -2.3296298025481472 29.898462652129957 44 43 40 1.5045045900115204 9 6994 10 7756 4 15101 3 9421
1283 -5.5688159381139588 -3.0984462087408406 36.67964499396318 234 222 210 1.6343328234497669 8 6893 9 6992 10 7345 4 15103 3 9423
1284 -4.9460995820135762 -2.3287901087382554 34.07958872257808 26 13 12 1.2990744110520793 10 7354 4 15114 8 6919 9 6376
1285 -3.414469956202443 -1.4252140715809121 30.0253380792226 229 220 215 1.3201933011326565 1 7325 9 7022 10 7777 4 15118
1286 -6.1129939439644909 -1.6791023564790497 36.471785512880956 235 223 209 0.53795444881438359 9 7025 10 7781 4 15123
1287 -2.4469459442412251 -0.056391347890018449 26.055379959361069 241 223 216 1.8981640186700945 10 7801 4 15136
1288 -2.4469459442412251 -0.05639134789001822 26.055379959361069 241 223 216 1.8981640186700144 10 7802 4 15137
1289 -2.9146186559326237 -0.061287816192450544 27.804273105701185 92 76 60 1.7372463078824814 9 7043 10 7800 4 15138
1291 -0.17248002960421771 0.67693500810140017 18.811839111035859 83 78 75 1.0941461317334242 10 8079 4 15145 3 10022
1293 -1.6766688410742476 1.0672144314198495 23.283017877270595 234 215 198 0.96508954740777342 10 8083 4 15150
1294 -4.3276664784879237 0.96215605884006461 26.259093460721548 81 94 68 1.7545148641616226 9 7064 4 15153
1296 -3.4745907511300289 -7.1474128739448863 34.237967795079634 25 28 43 1.7127185479902778 9 6878 10 7686 4 15234 3 9912
1298 -6.4860673535765869 -8.0629411709671128 42.54939116106771 99 98 112 1.4033759810205397 8 8165 9 7358 4 15249
1299 -6.4860673535765869 -8.0629411709671128 42.54939116106771 99 98 112 1.4033759810205397 8 8166 9 7357 4 15250
1302 -4.7390370578170753 -6.0301935640423254 36.667821412707475 217 204 196 0.72558943023674571 9 6924 4 15261 3 9937
1303 -7.3646363738927842 -6.3510030515152582 43.310101924523934 229 222 216 1.3071759204907683 8 8185 4 15275 3 10339
1305 -2.773469390445082 -2.9729901756983836 29.718556871454638 254 253 234 1.8321190261410194 9 7401 10 8032 4 15281 3 9968
1306 -5.4624205054566684 -2.2403271076650744 35.384457859791425 220 212 201 0.9301998541588633 9 7419 10 8046 4 15296
1307 -5.4594451292478965 -2.237339327446072 35.376845535651576 220 212 201 1.0775352006302024 8 8235 9 7418 10 8045 4 15297
1308 0.21183304958537236 -0.31787957609034473 18.371481639515583 116 121 127 1.5283820777962756 10 8254 4 15299 3 10365
1310 -6.5571938890691257 -2.1192000432873201 37.62732659652584 37 30 32 1.1622778910793732 8 7664 9 7425 10 7776 4 15302 9 7019
1318 0.35456961346240778 -1.0166858211421479 19.110350222131583 126 136 146 0.85581313433105433 10 8379 4 15408 3 10613
1319 0.10936444733218287 -0.81433624991698195 19.749790996146753 169 159 147 1.943423808188115 10 8381 4 15414 3 10614
1321 -0.06832886288132009 0.0029044519864559401 18.061653289813716 196 192 181 0.78918660203018609 10 8261 4 15421
1323 -0.31416904196726275 1.121596878647811 18.662003985912811 228 223 219 1.1802360395049998 10 8406 4 15435 3 10383
1324 -1.3697529464732323 1.2827405344972147 22.685555994257165 245 226 211 2.4502910024047542 9 7959 4 15436 8 8624
1325 -0.81358447819837831 1.5499017878723051 20.256663441970858 213 200 186 0.67250395924745554 10 8407 4 15439
1331 -8.3848559941608976 -6.1487737077199958 45.625266291608632 54 57 76 1.4970689637563586 8 8848 9 7920 10 8360 4 15513
1332 -8.3848559941608976 -6.1487737077199958 45.625266291608632 54 57 76 1.4970689637563586 8 8847 9 7919 10 8361 4 15514
1334 -8.4034305972849719 -3.5208588132268073 43.181504447190342 35 44 53 1.351435299795664 1 7755 8 8866 9 8071 10 8376 4 15527 3 10610
1335 -8.4034305972849719 -3.5208588132268073 43.181504447190342 35 44 53 1.351435299795664 1 7754 8 8865 9 8072 10 8377 4 15528 3 10609
1336 -8.4988286285519727 -0.55592027216656659 41.396201120175732 0 0 0 1.5017784856956098 1 8038 10 8258 9 7736
1337 -9.3674774399346248 -11.821714708565034 49.917096121149235 44 50 66 0.87092777322267478 9 8159 10 8458 4 15562
1338 -5.5218590384862978 -3.9781253507863554 37.814590226419348 171 167 155 1.9936554049203605 9 8059 10 8368 4 15580
1339 -4.7462572053270771 -3.1361947163635673 34.881900815561323 95 85 86 0.605077754423065 9 8067 10 8479 4 15582
1340 -4.7462572053270771 -3.1361947163635673 34.881900815561323 95 85 86 0.605077754423065 9 8068 10 8480 4 15583
1342 -7.3187641415904441 -2.9771197956995423 41.110801827430365 233 223 209 1.0149768935931403 9 8074 10 8378 4 15588
1343 -8.0575333239743738 -2.2824113702897137 40.4973576415778 28 33 27 1.3409081773260527 8 9042 9 8076 10 8382 4 15590
1345 -3.0540779257987847 -4.1956793289267926 32.331718117836438 224 212 206 1.0494873604341985 9 8056 4 15613
1348 -4.6740028461472773 -1.2094645299215931 32.519152085099478 249 240 233 0.55421636772318195 8 9265 4 15675
1349 -4.6740028461472605 -1.2094645299215909 32.519152085099378 249 240 233 0.55421636772325467 8 9264 4 15676
1351 1.6505025397831719 -3.6826547468719153 16.45814409908327 194 184 182 0.014976953338639912 10 3812 4 7861
1356 -1.03202245213761 1.8858203434240892 21.020263313138972 0 0 0 0.11432819032804412 9 2369 10 4643
1357 0.36378513199960555 2.624736159681984 13.464763174136662 160 148 136 1.0554793448416209 10 6109 4 9172 9 2551
1358 0.38398788898117547 2.7416630937483268 13.325203166404039 145 126 113 1.3271986128571216 10 6123 4 9180 9 2562
1359 2.1183125657291031 -1.9532601892484631 10.238470452156141 85 79 81 1.0261676416210905 9 1490 4 11510
1360 0.40165319877696409 -0.77296670738258066 18.636029493819837 240 229 213 1.7551720001323758 10 5803 4 12075
1362 -4.6402769207652907 -9.0278996997889784 38.637193257745125 35 41 57 1.2673440080170799 8 995 9 1475 4 13432
1363 2.0761794831674356 -2.1317308411031406 13.201515456035013 97 84 78 0.097856932220682077 10 7231 4 13435
1364 1.6903948964454738 -1.6202736844788175 14.725629820445016 234 229 226 1.3764244741279255 10 7279 4 13563
1365 1.276940819908998 -1.6651733848356669 14.617895868155138 0 0 0 2.545101965319585 9 1806 10 6629
1369 -2.1730924566874377 2.0851367645443153 19.771431590696821 250 243 227 1.7454579593118229 9 7094 4 13840
1370 -0.40291737609386785 2.1745470338075426 16.461777770698166 0 0 0 0.39326964158541744 8 4406 9 5663
1371 -1.7582549415645268 2.2157006824870993 18.237700565466643 249 252 231 0.8388844761275327 9 6483 4 13846
1372 -1.3648292400556921 2.3330474086816149 16.898129270564983 255 243 224 0.78836956960832572 9 7107 4 13849
1373 -0.70895656192984013 -3.5450391421511718 24.451072172421096 247 238 228 1.0389026151786462 10 6619 3 7373 4 14361
1375 0.88085483581839197 -0.67462701325468599 15.594150441728445 0 0 0 1.9189223991750888 9 5461 10 7771 8 4161
1383 0.67144126952111849 2.5162203409283426 11.056299269840052 0 0 0 1.1482626752188625 8 6054 9 7130
1385 -0.25827801032154057 0.91427077762087194 18.642868595824396 35 38 42 1.2425546556956302 10 8085 4 15147 3 10026
1386 0.72385970420095125 2.4475780185379268 11.002305341908331 0 0 0 1.1056720972501868 8 7111 9 7510
1387 1.4631524389981079 2.5731362623731853 9.0249125719822132 0 0 0 1.5495326003606231 8 7853 9 7793
1392 1.9173947495931918 -3.3578008034822409 15.833059008927542 197 188 183 1.116495331307894 10 8451 4 15477
1393 1.9173947495931918 -3.3578008034822409 15.833059008927542 197 188 183 1.116495331307894 10 8452 4 15478
1394 -2.185688760310633 -4.6439835994531746 30.017552811882993 62 61 69 1.6306034995209291 10 8469 4 15504 3 10581
1397 1.0210592841804966 2.651539189673783 10.357261369213477 0 0 0 0.77237370781604819 8 8667 9 8110
1398 -5.7981134330664013 -9.7617889486520948 38.988468399086251 62 157 237 1.6541337768876931 10 8457 4 15609
1400 -5.5809976898204603 -5.2986864473642266 37.739671100732622 204 194 192 2.3870253889320772 8 9227 10 8591 4 15660
1401 0.93191932358337248 -3.6712779502356203 18.356032873179643 64 67 58 2.6165025912187878 4 11630 10 3922 3 1331
1402 1.1213700818764505 -3.3093299388360022 17.322884948775478 253 252 238 1.4761299795028364 10 5488 3 1355
1403 1.174689492007104 -3.0840398615539821 16.687228732695726 249 250 242 2.2404211498470943 10 3947 3 1380
1404 -9.8449961990475927 -11.278106072890029 50.327194457802918 43 52 69 2.6160502217349406 4 11734 10 1555 3 1388
1407 -10.031787240816541 -10.608360406552837 50.35973764294905 109 114 133 2.0968808404112056 4 11778 10 1589 3 1458
1408 1.1710965096606236 -2.69872820759152 15.910195910505495 241 240 230 2.3282357520595065 4 11708 10 3980 3 1460
1409 0.58677108065074468 -3.1346075985173334 18.835473970980708 243 241 228 1.3643751110681623 4 11741 10 4023 3 1500
1411 0.0046646644467220064 -3.621363565057464 21.706643146399962 132 113 80 1.5373294363145791 4 11767 10 1586 3 1523
1412 -9.908875951151737 -9.4887082717843505 49.517250859740173 112 116 132 1.4889184409291314 4 11842 10 1653 3 1542
1413 -10.250039955018549 -9.5054777504854648 50.811591937912091 0 0 0 2.0887028354515835 4 11849 9 1643
1414 -0.86377208644585035 -4.0827976446072602 25.427287672565694 51 54 55 0.87726633781026442 4 11819 10 4077 3 1565
1415 -7.143565442220817 -7.6648431911036914 43.104776548621402 50 52 73 1.8793119958525744 9 1656 3 1576 10 4101
1416 0.92761216818648062 -2.376243979881608 16.374978928112373 249 244 224 1.6095162535279577 4 11786 10 4056 3 1579
1417 -1.494646289303855 -3.9903818166357996 27.873280633784223 252 250 229 0.46638454406357782 4 11877 10 4147 3 1648
1418 -9.9950856957392986 -7.7764671944677453 48.639250020786697 34 39 35 1.5316922769594474 4 13618 9 3894 10 4174 3 1663
1419 -10.777687957942181 -7.649998776629392 49.960041557511651 59 58 63 0.77865877003153205 4 13630 10 4192 3 1683
1420 -10.777687957942184 -7.6499987766293946 49.960041557511659 59 58 63 0.77865877003162876 4 13629 10 4193 3 1684
1421 -12.04889745700509 -8.1392632269659817 52.990647117019684 179 174 170 1.7993388634430789 4 13634 9 1778 10 1782 3 1690
1422 -11.350974950245144 -7.6072469612862719 51.163177357818547 41 42 44 0.95132116569828518 10 4210 3 1706
1423 -11.350974950245144 -7.6072469612862719 51.163177357818547 41 42 44 0.95132116569828518 10 4209 3 1707
1424 -0.11582656482993736 -2.3834025814596913 20.978140164437665 248 245 225 1.2351200693596249 9 1839 10 5674 3 1726
1425 -10.35406882027879 -6.658148291182254 48.195303328537413 249 252 230 1.5429236989269277 9 1825 10 1836 3 1740
1426 -15.345808807884071 -7.8712773313882387 59.700024999571745 247 243 232 1.9958586475467561 4 12018 10 1891 3 1795
1428 -14.903504581038185 -7.4344176930672754 57.732958807914898 251 248 237 1.285804182618554 4 12029 9 1878 3 1807
1429 -14.905877260097585 -6.9893781532845782 57.456741698156179 255 249 233 1.4785775292836707 4 12047 9 1905 3 1827
1430 -4.4400052792609888 -3.4434567409127239 34.22317062125687 228 219 210 0.99399476628436356 1 1235 9 1930 10 1934 3 1847
1431 -9.1790924901524491 -4.867985386437228 45.176097757906739 255 255 226 2.4260202934865425 8 1382 10 1950 3 1864
1432 -2.7152053470527462 -2.7822780550919313 29.824954446646998 167 158 129 1.1349492424891245 10 4295 3 1867 9 4016
1433 -3.3051577326974244 -2.9443219899320741 31.137352044958853 255 251 232 1.6094317006858776 1 1243 9 1940 10 1954 3 1869
1434 -20.950658885351217 -8.1763772617918029 69.981874171267108 165 174 179 0.71221942976402075 9 1933 3 1880
1435 -2.7980966745959837 -2.6938336131201122 29.734535858295278 245 233 217 1.270152320276499 4 8700 10 1963 3 1881
1438 -14.966946891270094 -6.0609942373029178 57.002328893923504 254 250 238 0.031110175266582274 3 1907 9 1960
1439 -14.893372500807134 -6.0257628001815053 56.80957717360544 254 250 238 1.8360490887157848 4 12080 9 1961 3 1908
1440 -20.686672943697307 -7.2116234474623608 68.609627551555192 254 255 252 0.90496731693189503 9 1978 3 1927
1441 -20.686672943697261 -7.2116234474623493 68.60962755155505 254 255 252 0.90496731693194199 9 1979 3 1928
1442 -3.6110391349209223 -2.417657913536396 31.27449035327523 252 252 250 1.3692975871562538 9 2016 10 4353 3 1946
1443 -15.346501013686577 -4.613755579606444 54.783217724897668 144 151 144 1.8711288733445333 8 1476 3 2006
1444 -2.1707698452186692 -1.1355155287489049 27.062159982693093 166 177 174 2.3826104651016409 10 4430 3 2090 9 2131
1455 1.2588519833925238 -8.664803763931241 20.931055692261626 105 106 110 0.37857459067909394 10 5186 3 4543
1457 -0.84237161839894048 -5.5930068031753724 26.762100772075101 254 253 237 1.9538070250629778 4 13439 10 3969 3 5101
1458 -3.4846217030724591 -7.5231447786099759 34.786302522391658 121 127 135 2.0047719974262552 4 13460 9 3731 3 5111
1459 -0.95725741841660961 -5.2509639131203123 26.844742984961844 253 251 234 0.93275552913823556 4 13470 10 4001 3 5142
1460 -3.4313950590817814 -6.0975846729028182 33.596024031520024 255 253 250 0.42964927978621531 8 3895 9 3816 3 5218
1461 -10.097000727417074 -8.9896666601893571 49.735279555945986 255 246 232 2.4326039244864366 4 13575 9 3859 3 5262
1462 0.4768600760351262 -2.6984494598708517 18.615341909169977 253 249 219 0.91081600992529721 4 11813 10 4078 3 5266
1463 -11.14375925449338 -8.2095708814808255 51.089622692054533 146 145 144 0.59813073399356276 4 13621 10 4176 3 5299
1464 -10.912576136569266 -7.8981210679598908 50.359059304212259 245 247 226 1.6600126466038621 4 13626 9 1759 10 1764 3 5303
1465 -11.206440919476583 -7.8604531079274658 51.000685270956851 255 254 235 0.68812709782443804 4 11950 10 1777 3 5311
1466 -11.584166529849238 -7.8155635212387491 51.57772667827345 253 246 228 1.4790839016807265 4 13636 9 3912 3 5315
1467 -11.772406808768668 -7.6059119747827211 51.905964723142809 39 45 45 1.6383010388956238 4 14414 9 3918 3 5322 10 5681
1468 -12.725020164893985 -7.6292943946389391 54.130790708840081 50 55 59 1.2528111287280372 1 1145 10 4222 3 5328
1469 -8.7701054648511843 -3.6236742968317568 43.859224479369537 48 59 43 2.5551051630354444 1 1314 10 5769 3 5450
1473 -14.560119135732775 -4.0944504798479349 55.578108251300186 0 0 0 0.64459182868211662 1 1350 9 4119
1477 -4.5636404633568626 0.98545776928690065 29.059221816730169 0 0 0 1.0557506052600729 1 1563 4 12240
1484 -0.47823705313618237 -6.5487437821436449 25.717066966711695 64 74 84 1.6471251125984989 8 950 3 7192
1485 -2.0581821861775724 -7.4270367334712475 31.005123692891097 71 81 93 0.058465635214564771 9 5170 3 7222
1487 -0.70895656192984124 -3.5450391421511749 24.451072172421107 247 238 228 1.0389026151784486 4 14362 10 6620 3 7374
1488 -14.223982805292303 -9.4790364274135026 58.343477632271693 235 208 178 0.50191954012506335 10 5654 3 7391
1489 -12.973417585741222 -8.5636018153921274 55.459585866854262 234 215 194 1.7976181866310237 4 14413 9 5341 10 5670 3 7402
1490 -16.378769584554018 -9.466298651671007 62.603635359065755 0 0 0 0.65642380529081346 1 3961 9 5349
1491 -12.934720102138455 -7.5907815328241224 54.516002587343344 56 59 69 2.1198518775295616 1 1149 4 14426 9 5355 3 7419
1492 -17.831414711381026 -8.8111322970687791 64.421350230493715 88 89 91 1.0196073523345717 9 6309 3 7427
1493 -17.018219899979915 -8.2802667191357848 63.796587048482266 0 0 0 0.79732064129088931 1 1193 10 5714
1494 -3.2570850766866757 -3.4155130058376821 31.643189250424964 123 115 102 0.87910730154253747 1 4012 9 5382 10 6669 3 7434
1495 -4.8812180285788997 -3.788010839744981 34.912039556565524 249 241 222 1.3679465540019033 4 13677 10 6673 3 7441 9 6334
1496 -16.722442353788054 -7.7436826995462313 62.184547993971755 0 0 0 2.3308737920920013 1 4015 9 5379
1497 -16.722442353788054 -7.7436826995462313 62.184547993971755 0 0 0 2.3308737920920013 1 4014 9 5380
1498 0.69610593437863111 -0.69773166130661701 17.322318862090633 251 244 228 2.1953653197461027 4 13692 10 7360 3 7502
1501 -4.109010317906991 0.8406796394643079 26.865812480728643 0 0 0 1.4180072340863095 1 4201 10 6802
1503 -6.4480031901271158 1.0132285823420237 15.032597852931119 0 0 0 2.7126213238118968 8 5924 9 7099
1506 1.2971950770444616 -8.286107789564193 20.853723102835378 133 144 166 0.60024757608563029 10 6347 3 8331
1509 -6.1181080554191904 -3.5875806099567447 38.056845514285008 236 229 210 1.3974909942548428 8 5737 9 6345 10 6683 3 8635
1510 -9.2678884977641633 0.75825753606556945 29.778713367236758 73 77 83 1.0566870387759084 4 14908 3 8740
1511 1.0660561789330605 -2.882842036253439 16.368419488773647 251 241 223 2.4379435005734247 4 15033 10 7681 3 9320
1512 -23.515513817554535 -9.2935019090654567 78.118790101005615 90 93 98 1.4437686680720154 10 7332 3 9405
1514 -5.2367989945181863 -2.0181441374505154 34.885309791247586 250 248 227 1.7748522457462705 1 7324 10 7358 3 9443 9 6387
1515 -9.3664878927016986 -2.4462007805061177 43.644994902029318 0 0 0 1.5731766488889389 1 6662 10 7363
1516 -8.1048797517551368 -1.9266441283101567 41.661438382204437 41 52 51 1.0490369038894962 10 6726 3 9454 8 6938 9 5484
1517 -6.2707836601789033 1.213288083478163 33.56696940850312 0 0 0 2.5391756646620021 1 6715 4 15155
1518 -3.4442027379417772 1.401715937809811 28.84118508315477 0 0 0 0.20168092350592776 1 6722 4 15154
1522 -2.7085722761967737 2.5334206468344314 2.2766974480373734 121 120 115 0.33127542058740611 1 4629 3 9702
1523 0.16927574613044916 -3.7438848083229073 21.305770439124647 255 247 224 0.68698143633645703 4 15238 10 8002 3 9922
1525 -13.370823016132391 -10.83581689177251 56.901672042006957 150 229 255 0.91656831721732823 1 7272 10 7707 3 9932
1526 -0.28604226873776195 -3.1749311882898064 22.532405666676254 245 238 222 0.77740989492519341 4 15256 10 8016 3 9946
1528 -3.7156621165998276 -2.3007372508800379 31.743288596654569 67 62 58 1.3046790938642543 4 15289 10 7764 3 9983 9 7004
1530 0.015836606632778392 -3.9757327191777891 21.919002279996675 89 96 101 0.1430644144755765 10 8218 3 10323
1531 -0.58831215260111691 -4.2965977579296037 25.04603979399166 255 254 233 2.2917100323646511 4 15374 10 8004 3 10327
1532 -1.2211438487257003 -4.4801322448864545 27.357424796121368 0 0 0 1.161159345158028 4 15381 10 8008
1533 -1.2211438487257003 -4.4801322448864545 27.357424796121368 0 0 0 1.161159345158028 4 15380 10 8007
1534 -8.6599618104787339 -3.0805806459955312 42.092835142809705 242 235 202 2.3250985708398484 1 7758 4 15417 8 8588 10 8250 3 10353 9 7719
1536 -6.2634046060719495 1.5126385665923394 18.56646197960448 152 148 137 1.4570984472748896 4 15455 3 10393
1537 -0.04846563410056829 2.3316650511009556 15.751802115614121 0 0 0 0.5595071982737887 8 7785 9 7770
1538 0.43853098005273489 -7.9298271297182117 23.928153486931919 244 241 230 0.10437306775013946 10 8186 3 10536
1539 0.58390139376487582 -3.8871958137241531 19.630168073145526 119 129 131 1.5476430239723602 4 15365 10 8344 3 10569
1540 -17.625273208113342 -7.0476234934697413 60.642544536067213 118 120 117 0.9832936822701589 9 8060 3 10596
1541 -17.625273208113342 -7.0476234934697413 60.642544536067213 118 120 117 0.9832936822701589 9 8061 3 10597
1544 0.36684610907827209 -4.1580316525093108 20.975438831101314 254 255 239 1.2036088779400949 4 15484 10 8345 3 10731
1545 -2.4673671425199548 -5.2535728074686201 29.494369185766704 244 242 230 0.4326743724885822 10 8538 3 10846
1546 -2.4673671425199566 -5.2535728074686219 29.494369185766708 244 242 230 0.43267437248854684 10 8537 3 10847
1549 -0.13308125922908984 -1.7307205907897263 19.522983954268849 245 238 219 0.60000747167107682 10 8617 3 10955
1550 -7.0255236682108828 -8.6952825566280563 41.672752863781085 64 68 80 1.1301419141756677 9 8280 3 11015
1551 0.41183755338719974 -1.4901474181391772 18.405085490538251 161 172 168 2.9768163398181948 4 11984 10 5737 3 5389
1552 -8.5152170549169774 -11.132116919173104 45.365489458054277 0 0 0 0.32431499404814623 1 841 4 14278
1553 0.090063798288660152 -1.7983838430130645 20.562653836624172 245 239 216 1.3573603051290342 4 14829 10 7324 3 8620
1554 0.75327598190970657 -2.4700048539139754 17.102900019081943 240 238 217 0.41153051900539034 4 15377 10 8222 3 10332
1555 -8.4269066941832946 -3.0177054316560472 43.019307101447232 12 15 15 1.7468761688964172 10 5785 4 13713 9 5444 1 1340 9 4111
1556 -7.2623998311372784 -13.295314844623753 25.244236578493911 0 0 0 3.6916109539829693 8 454 9 751
1557 -10.010781652651502 -13.430043065306519 34.874100467139868 0 0 0 2.8223005649531263 8 729 10 1006
1558 1.4626929610753714 -3.9376199324835608 17.586312018201927 0 0 0 0.49005713665641548 4 11532 10 3833
1559 1.4127557156219659 -3.9868747830983153 17.85132422562307 0 0 0 0.078567074595364883 4 7900 10 3845
1560 1.1901767183918879 -3.3169810120499461 15.784221789431456 249 253 248 1.8292081836537362 4 7957 3 1282
1561 -5.9433631484029279 -9.4982354430306941 41.146018653693055 0 0 0 1.0533433193968194 8 1008 9 3711 10 5533
1562 -6.0502183921092172 -9.2876805049685842 40.874481020837599 0 0 0 1.223581619111245 4 11706 9 1516 10 3990
1563 0.47781976899980116 -3.5809910356677799 19.229545215049253 95 80 61 2.4132822368858657 10 5524 3 1420
1564 0.47781976899980116 -3.5809910356677799 19.229545215049253 95 80 61 2.4132822368858657 10 5523 3 1421
1565 -15.702322298489978 -10.916774158378036 51.457501623961456 0 0 0 1.0419346177829416 8 3853 9 1615 10 4066
1566 -15.702322298489978 -10.916774158378036 51.457501623961456 0 0 0 1.0419346177829416 8 3852 9 1614 10 4067
1567 -14.19425238539195 -5.9633390193570994 53.888435836180321 254 254 238 2.8417107427400681 8 1381 3 1893
1568 -14.19425238539195 -5.9633390193570994 53.888435836180321 254 254 238 2.8417107427400681 8 1380 3 1894
1569 -6.6693205220755196 -1.9946767547653848 37.875683494427463 0 0 0 2.0619646631329434 1 1386 4 12135 10 2146
1570 0.82752767995588739 2.5943250193382204 14.044800361623073 0 0 0 3.2187245380676108 4 12323 9 4448
1571 -6.8607835008403013 -13.108990104039176 24.813706276908729 0 0 0 1.8743401533484088 9 3257 10 5144
1572 -8.234848408117335 -13.123724028803521 28.123460578461337 0 0 0 1.3373024623854906 9 4955 10 6357
1573 1.3036505679168082 -4.1733261015837568 18.545967522122883 0 0 0 0.86993891094518339 4 13350 10 5434
1574 -4.8964834779166013 -4.0997241659637247 36.288891330639608 245 219 190 1.8068570754405826 4 13667 8 4037 3 5370
1575 -6.2284868586250353 -2.426688478078546 37.283256894377949 0 0 0 1.9778568269269554 1 1345 8 1527 9 2082 10 4401
1576 -18.373283485982277 -4.9507090662395878 60.500796153181895 253 253 247 2.1570716506623477 8 4100 3 5486
1577 -9.665651568771592 -1.2795000905719407 40.31378052468164 0 0 0 1.0043693298762677 4 13748 8 4198
1578 -2.707501263853096 0.865219014022792 27.82988817285646 0 0 0 1.3039082537749962 8 4258 10 5894
1579 -6.2589333891220651 1.1954994995235042 32.585701573373257 0 0 0 2.6559589595361768 1 1583 4 12249
1580 -4.8110043482903375 1.8272191251486816 13.075329035246082 102 102 97 1.525719805251623 4 14559 3 5845
1581 0.35294238782568532 2.9009128186068072 14.337364159010013 254 255 240 2.3756314274179635 4 12338 3 5945
1582 -6.0482987918029183 -12.771637185657127 21.438512242530923 0 0 0 1.497317180532999 9 5925 10 7053
1583 -8.5532923031150379 -13.216644140365336 29.236206733811443 0 0 0 1.2714215053690761 9 4968 10 6372
1584 -3.984235595915028 -8.7909647418650447 36.561346774968342 110 113 128 2.5340549114061037 9 3684 3 7234
1585 1.2996217961193464 -3.3816720873844952 16.041332147813204 240 235 220 0.35316436772801807 9 3690 3 7235
1586 -5.9562620075825219 -9.2563296012429941 41.929202983316692 0 0 0 3.4918874584886721 1 3849 8 5523
1587 -12.181441674047042 -3.5404597038235464 48.780106791314722 0 0 0 0.83674301771424953 4 14462 9 4120
1588 -14.427202937703878 -3.4933409890842073 52.033728932260168 91 116 111 0.21387228521900914 8 5774 3 7521
1589 -2.7560090191825193 1.8271643115067784 26.490628831525623 0 0 0 1.8946178701146845 1 1647 4 14522
1590 -2.1774754253140896 2.093064512619478 19.81722287723094 0 0 0 1.6724986320134423 4 13839 8 7052 9 7095
1591 -15.861502281098097 -10.246239352065109 51.53155648263423 0 0 0 0.82232480458444035 8 6767 9 6234 10 7271
1592 -9.2137451303738978 0.094513917639473699 43.48052377591123 0 0 0 2.0599438622094026 1 5813 4 14891
1593 -8.6614560577269231 0.37231546547533284 42.778228257235 0 0 0 0.51685922421647246 1 5817 4 14893
1594 -3.6297280890537555 1.5123597948885767 28.367531472761527 0 0 0 0.49497264759886805 1 6726 4 14903
1595 0.60099626061206424 2.5879520007553301 15.811445979367788 208 202 144 2.4232100455855798 4 14539 3 8812
1596 -15.822183879745936 -10.646273097730532 51.621593115612562 0 0 0 1.0506155760911229 8 8160 9 7360 10 8010
1598 -8.8515162960637603 -1.6915398965962269 40.887748939314882 0 0 0 2.1815847294634776 4 14872 8 6942 9 7031
1599 -6.7870445547586868 0.75832540906908752 15.822246650946632 0 0 0 2.9795883701431052 8 7724 9 7759
1600 0.16195339778375195 3.0129741455549697 11.720450146141733 254 244 219 0.78743516794641955 4 15174 3 9602
1601 -6.5352278321562371 -2.1122023367771701 37.516439089453414 0 0 0 2.0371980138611621 1 6658 8 7665
1602 -3.6476279783800112 1.5702308977178665 26.001055409031899 0 0 0 1.8806163272936323 1 7801 8 8629
1603 0.31548112159918895 2.6495014472609091 15.459884931820556 173 155 117 2.3814569652406044 4 15458 3 10412
1604 -6.8937395279509426 0.71156406517541171 15.456706306970865 0 0 0 3.24274551800365 8 8899 9 8191
1605 -3.4601078490595549 -2.7217726981309398 31.067746898271462 128 127 100 2.1262748470224597 10 8373 3 10749 9 7928
1606 -6.8387306725132202 1.0368950505995755 33.19890898734733 0 0 0 0.29329582689030897 1 8292 4 15626
1607 -0.87499147146036593 -4.9184670313122743 25.781679248586446 0 0 0 0.60282838040593356 4 15639 10 8587
1608 -11.230391620221141 -10.515849450996816 52.233256868756222 69 75 91 1.8180729651240197 10 8589 3 10951
